UserID,Region,age,age_groups,email_flag,sm_flag,Race,Gender
34,Free State,55,Elder,1,1,white,male
39,Eastern Cape,54,Elder,1,1,black,male
63,Kwazulu Natal,51,Elder,1,1,black,male
90,Kwazulu Natal,49,Adult,1,1,coloured,male
97,Free State,48,Adult,1,1,coloured,male
104,Gauteng,47,Adult,1,1,black,male
107,Gauteng,47,Adult,1,1,black,female
108,Western Cape,47,Adult,1,1,coloured,male
120,Western Cape,46,Adult,1,1,coloured,male
132,Gauteng,45,Adult,1,1,black,male
135,Gauteng,45,Adult,1,1,,male
138,Eastern Cape,45,Adult,1,1,,male
146,Western Cape,45,Adult,1,1,,male
164,Gauteng,43,Adult,1,1,black,male
206,Free State,42,Adult,1,1,coloured,male
212,Gauteng,41,Adult,1,1,black,male
249,Gauteng,40,Adult,1,1,black,male
305,Eastern Cape,39,Adult,1,1,black,male
317,North West,38,Adult,1,1,black,male
325,Gauteng,38,Adult,1,1,black,female
338,Limpopo,38,Adult,1,1,black,male
345,Gauteng,38,Adult,1,1,black,male
385,Gauteng,37,Adult,1,1,black,male
444,Gauteng,35,Youth,1,1,black,male
450,Eastern Cape,35,Youth,1,1,,female
464,Gauteng,35,Youth,1,1,black,female
468,Kwazulu Natal,34,Youth,1,1,black,female
476,Mpumalanga,34,Youth,1,1,black,male
477,North West,34,Youth,1,1,black,male
479,Gauteng,34,Youth,1,1,black,male
507,Gauteng,34,Youth,1,1,black,male
537,Gauteng,33,Youth,1,1,coloured,male
547,Gauteng,33,Youth,1,1,indian_asian,male
551,Limpopo,33,Youth,1,1,black,male
553,Limpopo,33,Youth,1,1,white,male
623,Gauteng,31,Youth,1,1,black,male
649,Mpumalanga,31,Youth,1,1,black,male
655,Gauteng,31,Youth,1,1,white,male
666,Mpumalanga,31,Youth,1,1,coloured,male
675,Gauteng,31,Youth,1,1,black,female
682,Gauteng,30,Youth,1,1,black,male
696,Gauteng,30,Youth,1,1,white,female
701,Gauteng,30,Youth,1,1,black,female
775,Gauteng,29,Youth,1,1,coloured,female
805,Gauteng,29,Youth,1,1,white,female
806,Gauteng,29,Youth,1,1,indian_asian,male
830,Northern Cape,28,Youth,1,1,black,male
850,Western Cape,28,Youth,1,1,coloured,male
854,Free State,28,Youth,1,1,black,male
857,Eastern Cape,28,Youth,1,1,black,male
864,Western Cape,28,Youth,1,1,,female
867,North West,28,Youth,1,1,white,male
870,Free State,28,Youth,1,1,white,male
876,Kwazulu Natal,28,Youth,1,1,black,male
909,Kwazulu Natal,27,Youth,1,1,black,male
912,Western Cape,27,Youth,1,1,indian_asian,female
916,Eastern Cape,27,Youth,1,1,black,male
958,Mpumalanga,26,Youth,1,1,black,male
959,Gauteng,26,Youth,1,1,black,male
967,Gauteng,26,Youth,1,1,,male
972,Gauteng,26,Youth,1,1,black,male
991,Gauteng,26,Youth,1,1,black,male
1012,Mpumalanga,26,Youth,1,1,black,female
1031,Gauteng,25,Youth,1,1,black,male
1041,Gauteng,25,Youth,1,1,,male
1069,Gauteng,25,Youth,1,1,black,male
1075,Gauteng,25,Youth,1,1,black,female
1081,Gauteng,25,Youth,1,1,white,male
1095,Western Cape,24,Youth,1,1,coloured,male
1104,Gauteng,24,Youth,1,1,black,male
1109,Mpumalanga,24,Youth,1,1,,male
1115,Gauteng,24,Youth,1,1,black,female
1144,Limpopo,24,Youth,1,1,black,male
1159,Gauteng,23,Youth,1,1,black,male
1176,Western Cape,23,Youth,1,1,,male
1205,Gauteng,23,Youth,1,1,white,male
1211,Gauteng,23,Youth,1,1,black,male
1214,Mpumalanga,23,Youth,1,1,black,male
1242,Mpumalanga,22,Youth,1,1,coloured,male
1247,Mpumalanga,22,Youth,1,1,white,male
1254,Gauteng,22,Youth,1,1,,male
1258,Limpopo,22,Youth,1,1,black,male
1264,Free State,22,Youth,1,1,black,male
1265,Limpopo,22,Youth,1,1,black,male
1276,Limpopo,22,Youth,1,1,black,male
1324,Western Cape,21,Youth,1,1,black,male
1331,Limpopo,21,Youth,1,1,black,male
1362,Gauteng,19,Teenager,1,1,black,male
1363,Mpumalanga,19,Teenager,1,1,white,female
1366,Kwazulu Natal,19,Teenager,1,1,indian_asian,male
1373,Kwazulu Natal,19,Teenager,1,1,white,male
1383,Gauteng,18,Teenager,1,1,black,male
1388,Limpopo,18,Teenager,1,1,black,male
1401,Gauteng,17,Teenager,1,1,,male
1437,Gauteng,14,Teenager,1,1,black,female
1440,Eastern Cape,14,Teenager,1,1,coloured,female
1441,Gauteng,14,Teenager,1,1,black,female
1445,Northern Cape,13,Teenager,1,1,coloured,male
1451,Limpopo,12,Kids,1,1,black,male
1497,Uncategorized,0,Infants,1,1,,
1503,Uncategorized,0,Infants,1,1,,
1504,Uncategorized,0,Infants,1,1,,
1511,Uncategorized,0,Infants,1,1,,
1518,Uncategorized,0,Infants,1,1,,
1542,Uncategorized,0,Infants,1,1,,
1579,Uncategorized,0,Infants,1,1,,
1582,Uncategorized,0,Infants,1,1,,
1589,Uncategorized,0,Infants,1,1,,
1590,Uncategorized,0,Infants,1,1,,
1608,Uncategorized,0,Infants,1,1,,
1622,Uncategorized,0,Infants,1,1,,
1664,Uncategorized,0,Infants,1,1,,
1676,Uncategorized,0,Infants,1,1,,
1685,Uncategorized,0,Infants,1,1,,
1690,Uncategorized,0,Infants,1,1,,
1693,Uncategorized,0,Infants,1,1,,
1703,Uncategorized,0,Infants,1,1,,
1714,Uncategorized,0,Infants,1,1,,
1731,Uncategorized,0,Infants,1,1,,
1770,Uncategorized,0,Infants,1,1,,
1778,Uncategorized,0,Infants,1,1,,
1793,Uncategorized,0,Infants,1,1,,
1803,Uncategorized,0,Infants,1,1,,
1825,Uncategorized,0,Infants,1,1,,
1827,Uncategorized,0,Infants,1,1,,
1861,Uncategorized,0,Infants,1,1,,
1892,Uncategorized,0,Infants,1,1,,
1921,Uncategorized,0,Infants,1,1,,
1947,Uncategorized,0,Infants,1,1,,
1971,Uncategorized,0,Infants,1,1,,
1975,Uncategorized,0,Infants,1,1,,
1986,Uncategorized,0,Infants,1,1,,
1989,Uncategorized,0,Infants,1,1,,
1998,Uncategorized,0,Infants,1,1,,
2000,Uncategorized,0,Infants,1,1,,
2048,Uncategorized,0,Infants,1,1,,
2075,Uncategorized,0,Infants,1,1,,
2092,Uncategorized,0,Infants,1,1,,
2126,Uncategorized,0,Infants,1,1,,
2141,Uncategorized,0,Infants,1,1,,
2144,Uncategorized,0,Infants,1,1,,
2169,Uncategorized,0,Infants,1,1,,
2170,Uncategorized,0,Infants,1,1,,
2171,Uncategorized,0,Infants,1,1,,
2194,Uncategorized,0,Infants,1,1,,
2200,Uncategorized,0,Infants,1,1,,
2218,Uncategorized,0,Infants,1,1,,
2220,Uncategorized,0,Infants,1,1,,
2221,Uncategorized,0,Infants,1,1,,
2252,Uncategorized,0,Infants,1,1,,
2267,Uncategorized,0,Infants,1,1,,
2275,Uncategorized,0,Infants,1,1,,
2285,Uncategorized,0,Infants,1,1,,
2288,Uncategorized,0,Infants,1,1,,
2300,Uncategorized,0,Infants,1,1,,
2306,Uncategorized,0,Infants,1,1,,
2326,Uncategorized,0,Infants,1,1,,
2328,Uncategorized,0,Infants,1,1,,
2384,Uncategorized,0,Infants,1,1,,
2391,Uncategorized,0,Infants,1,1,,
2411,Uncategorized,0,Infants,1,1,,
2415,Uncategorized,0,Infants,1,1,,
2455,Uncategorized,0,Infants,1,1,,
2458,Uncategorized,0,Infants,1,1,,
2480,Uncategorized,0,Infants,1,1,,
2496,Uncategorized,0,Infants,1,1,,
2497,Uncategorized,0,Infants,1,1,,
2531,Uncategorized,0,Infants,1,1,,
2566,Uncategorized,0,Infants,1,1,,
2569,Uncategorized,0,Infants,1,1,,
2607,Uncategorized,0,Infants,1,1,,
2611,Uncategorized,0,Infants,1,1,,
2613,Uncategorized,0,Infants,1,1,,
2637,Uncategorized,0,Infants,1,1,,
2649,Uncategorized,0,Infants,1,1,,
2691,Uncategorized,0,Infants,1,1,,
2763,Uncategorized,0,Infants,1,1,,
2766,Uncategorized,0,Infants,1,1,,
2768,Uncategorized,0,Infants,1,1,,
2792,Uncategorized,0,Infants,1,1,,
2798,Uncategorized,0,Infants,1,1,,
2811,Uncategorized,0,Infants,1,1,,
2868,Uncategorized,0,Infants,1,1,,
2886,Uncategorized,0,Infants,1,1,,
2899,Uncategorized,0,Infants,1,1,,
2905,Uncategorized,0,Infants,1,1,,
2934,Uncategorized,0,Infants,1,1,,
2952,Uncategorized,0,Infants,1,1,,
2993,Uncategorized,0,Infants,1,1,,
3002,Uncategorized,0,Infants,1,1,,
3021,Uncategorized,0,Infants,1,1,,
3025,Uncategorized,0,Infants,1,1,,
3026,Uncategorized,0,Infants,1,1,,
3057,Uncategorized,0,Infants,1,1,,
3070,Uncategorized,0,Infants,1,1,,
3086,Uncategorized,0,Infants,1,1,,
3096,Uncategorized,0,Infants,1,1,,
3099,Uncategorized,0,Infants,1,1,,
3102,Uncategorized,0,Infants,1,1,,
3106,Uncategorized,0,Infants,1,1,,
3109,Uncategorized,0,Infants,1,1,,
3116,Uncategorized,0,Infants,1,1,,
3121,Uncategorized,0,Infants,1,1,,
3132,Uncategorized,0,Infants,1,1,,
3166,Uncategorized,0,Infants,1,1,,
3168,Uncategorized,0,Infants,1,1,,
3172,Uncategorized,0,Infants,1,1,,
3181,Uncategorized,0,Infants,1,1,,
3201,Uncategorized,0,Infants,1,1,,
3222,Uncategorized,0,Infants,1,1,,
3233,Uncategorized,0,Infants,1,1,,
3242,Uncategorized,0,Infants,1,1,,
3276,Uncategorized,0,Infants,1,1,,
3297,Uncategorized,0,Infants,1,1,,
3309,Uncategorized,0,Infants,1,1,,
3311,Uncategorized,0,Infants,1,1,,
3314,Uncategorized,0,Infants,1,1,,
3336,Uncategorized,0,Infants,1,1,,
3339,Uncategorized,0,Infants,1,1,,
3344,Uncategorized,0,Infants,1,1,,
3363,Uncategorized,0,Infants,1,1,,
3371,Uncategorized,0,Infants,1,1,,
3411,Uncategorized,0,Infants,1,1,,
3413,Uncategorized,0,Infants,1,1,,
3440,Uncategorized,0,Infants,1,1,,
3468,Uncategorized,0,Infants,1,1,,
3487,Uncategorized,0,Infants,1,1,,
3494,Uncategorized,0,Infants,1,1,,
3533,Uncategorized,0,Infants,1,1,,
3554,Uncategorized,0,Infants,1,1,,
3576,Uncategorized,0,Infants,1,1,,
3602,Uncategorized,0,Infants,1,1,,
3603,Uncategorized,0,Infants,1,1,,
3606,Uncategorized,0,Infants,1,1,,
3616,Uncategorized,0,Infants,1,1,,
3623,Uncategorized,0,Infants,1,1,,
3626,Uncategorized,0,Infants,1,1,,
3629,Uncategorized,0,Infants,1,1,,
3642,Uncategorized,0,Infants,1,1,,
3652,Uncategorized,0,Infants,1,1,,
3666,Uncategorized,0,Infants,1,1,,
3679,Uncategorized,0,Infants,1,1,,
3680,Uncategorized,0,Infants,1,1,,
3702,Uncategorized,0,Infants,1,1,,
3723,Uncategorized,0,Infants,1,1,,
3734,Uncategorized,0,Infants,1,1,,
3735,Uncategorized,0,Infants,1,1,,
3793,Uncategorized,0,Infants,1,1,,
3818,Uncategorized,0,Infants,1,1,,
3850,Uncategorized,0,Infants,1,1,,
3866,Uncategorized,0,Infants,1,1,,
3871,Uncategorized,0,Infants,1,1,,
3877,Uncategorized,0,Infants,1,1,,
3899,Uncategorized,0,Infants,1,1,,
3907,Uncategorized,0,Infants,1,1,,
3923,Uncategorized,0,Infants,1,1,,
3925,Uncategorized,0,Infants,1,1,,
3927,Uncategorized,0,Infants,1,1,,
3933,Uncategorized,0,Infants,1,1,,
3947,Uncategorized,0,Infants,1,1,,
3958,Uncategorized,0,Infants,1,1,,
3974,Uncategorized,0,Infants,1,1,,
3985,Uncategorized,0,Infants,1,1,,
3993,Uncategorized,0,Infants,1,1,,
3994,Uncategorized,0,Infants,1,1,,
3998,Uncategorized,0,Infants,1,1,,
4060,Uncategorized,0,Infants,1,1,,
4112,Uncategorized,0,Infants,1,1,,
4121,Uncategorized,0,Infants,1,1,,
4122,Uncategorized,0,Infants,1,1,,
4130,Uncategorized,0,Infants,1,1,,
4166,Uncategorized,0,Infants,1,1,,
4167,Uncategorized,0,Infants,1,1,,
4168,Uncategorized,0,Infants,1,1,,
4169,Uncategorized,0,Infants,1,1,,
4172,Uncategorized,0,Infants,1,1,,
4174,Uncategorized,0,Infants,1,1,,
4184,Uncategorized,0,Infants,1,1,,
4185,Uncategorized,0,Infants,1,1,,
4188,Uncategorized,0,Infants,1,1,,
4192,Uncategorized,0,Infants,1,1,,
4217,Uncategorized,0,Infants,1,1,,
4239,Uncategorized,0,Infants,1,1,,
4267,Uncategorized,0,Infants,1,1,,
4309,Uncategorized,0,Infants,1,1,,
4313,Uncategorized,0,Infants,1,1,,
4320,Uncategorized,0,Infants,1,1,,
4335,Uncategorized,0,Infants,1,1,,
4344,Uncategorized,0,Infants,1,1,,
4357,Uncategorized,0,Infants,1,1,,
4363,Uncategorized,0,Infants,1,1,,
4372,Uncategorized,0,Infants,1,1,,
4380,Uncategorized,0,Infants,1,1,,
4411,Uncategorized,0,Infants,1,1,,
4418,Uncategorized,0,Infants,1,1,,
4421,Uncategorized,0,Infants,1,1,,
4433,Uncategorized,0,Infants,1,1,,
4457,Uncategorized,0,Infants,1,1,,
4463,Uncategorized,0,Infants,1,1,,
4481,Uncategorized,0,Infants,1,1,,
4489,Uncategorized,0,Infants,1,1,,
4502,Uncategorized,0,Infants,1,1,,
4525,Uncategorized,0,Infants,1,1,,
4532,Uncategorized,0,Infants,1,1,,
4538,Uncategorized,0,Infants,1,1,,
4549,Uncategorized,0,Infants,1,1,,
4553,Uncategorized,0,Infants,1,1,,
4588,Uncategorized,0,Infants,1,1,,
4606,Uncategorized,0,Infants,1,1,,
4615,Uncategorized,0,Infants,1,1,,
4705,Uncategorized,0,Infants,1,1,,
4708,Uncategorized,0,Infants,1,1,,
4718,Uncategorized,0,Infants,1,1,,
4728,Uncategorized,0,Infants,1,1,,
4729,Uncategorized,0,Infants,1,1,,
4732,Uncategorized,0,Infants,1,1,,
4746,Uncategorized,0,Infants,1,1,,
4753,Uncategorized,0,Infants,1,1,,
4768,Uncategorized,0,Infants,1,1,,
4774,Uncategorized,0,Infants,1,1,,
4778,Uncategorized,0,Infants,1,1,,
4794,Uncategorized,0,Infants,1,1,,
4886,Uncategorized,0,Infants,1,1,,
4927,Uncategorized,0,Infants,1,1,,
5002,Uncategorized,0,Infants,1,1,,
5008,Uncategorized,0,Infants,1,1,,
5014,Uncategorized,0,Infants,1,1,,
5032,Uncategorized,0,Infants,1,1,,
5034,Uncategorized,0,Infants,1,1,,
5045,Uncategorized,0,Infants,1,1,,
5055,Uncategorized,0,Infants,1,1,,
5080,Uncategorized,0,Infants,1,1,,
5085,Uncategorized,0,Infants,1,1,,
5090,Uncategorized,0,Infants,1,1,,
5105,Uncategorized,0,Infants,1,1,,
5107,Uncategorized,0,Infants,1,1,,
5117,Uncategorized,0,Infants,1,1,,
5126,Uncategorized,0,Infants,1,1,,
5127,Uncategorized,0,Infants,1,1,,
5129,Uncategorized,0,Infants,1,1,,
5133,Uncategorized,0,Infants,1,1,,
5148,Uncategorized,0,Infants,1,1,,
5157,Uncategorized,0,Infants,1,1,,
5162,Uncategorized,0,Infants,1,1,,
5169,Uncategorized,0,Infants,1,1,,
5178,Uncategorized,0,Infants,1,1,,
5228,Uncategorized,0,Infants,1,1,,
5229,Uncategorized,0,Infants,1,1,,
5232,Uncategorized,0,Infants,1,1,,
5241,Uncategorized,0,Infants,1,1,,
5244,Uncategorized,0,Infants,1,1,,
5276,Uncategorized,0,Infants,1,1,,
5277,Uncategorized,0,Infants,1,1,,
5286,Uncategorized,0,Infants,1,1,,
5297,Uncategorized,0,Infants,1,1,,
5339,Uncategorized,0,Infants,1,1,,
5341,Uncategorized,0,Infants,1,1,,
5357,Uncategorized,0,Infants,1,1,,
5365,Uncategorized,0,Infants,1,1,,
5432,Uncategorized,0,Infants,1,1,,
5433,Uncategorized,0,Infants,1,1,,
5445,Uncategorized,0,Infants,1,1,,
5452,Uncategorized,0,Infants,1,1,,
5453,Uncategorized,0,Infants,1,1,,
5499,Uncategorized,0,Infants,1,1,,
5503,Uncategorized,0,Infants,1,1,,
5504,Uncategorized,0,Infants,1,1,,
5505,Uncategorized,0,Infants,1,1,,
5509,Uncategorized,0,Infants,1,1,,
5519,Uncategorized,0,Infants,1,1,,
5531,Uncategorized,0,Infants,1,1,,
5551,Uncategorized,0,Infants,1,1,,
5587,Uncategorized,0,Infants,1,1,,
5588,Uncategorized,0,Infants,1,1,,
5599,Uncategorized,0,Infants,1,1,,
5601,Uncategorized,0,Infants,1,1,,
5606,Uncategorized,0,Infants,1,1,,
5608,Uncategorized,0,Infants,1,1,,
5633,Uncategorized,0,Infants,1,1,,
5678,Uncategorized,0,Infants,1,1,,
5684,Uncategorized,0,Infants,1,1,,
5732,Uncategorized,0,Infants,1,1,,
5737,Uncategorized,0,Infants,1,1,,
5752,Uncategorized,0,Infants,1,1,,
5771,Uncategorized,0,Infants,1,1,,
5773,Uncategorized,0,Infants,1,1,,
5792,Uncategorized,0,Infants,1,1,,
5801,Uncategorized,0,Infants,1,1,,
5825,Uncategorized,0,Infants,1,1,,
5861,Uncategorized,0,Infants,1,1,,
5870,Uncategorized,0,Infants,1,1,,
5872,Uncategorized,0,Infants,1,1,,
5879,Uncategorized,0,Infants,1,1,,
5883,Uncategorized,0,Infants,1,1,,
5902,Uncategorized,0,Infants,1,1,,
5930,Uncategorized,0,Infants,1,1,,
5941,Uncategorized,0,Infants,1,1,,
5946,Uncategorized,0,Infants,1,1,,
5955,Uncategorized,0,Infants,1,1,,
5987,Uncategorized,0,Infants,1,1,,
5991,Uncategorized,0,Infants,1,1,,
5997,Uncategorized,0,Infants,1,1,,
6008,Uncategorized,0,Infants,1,1,,
6010,Uncategorized,0,Infants,1,1,,
6013,Uncategorized,0,Infants,1,1,,
6022,Uncategorized,0,Infants,1,1,,
6045,Uncategorized,0,Infants,1,1,,
6075,Uncategorized,0,Infants,1,1,,
6082,Uncategorized,0,Infants,1,1,,
6087,Uncategorized,0,Infants,1,1,,
6115,Uncategorized,0,Infants,1,1,,
6145,Uncategorized,0,Infants,1,1,,
6157,Uncategorized,0,Infants,1,1,,
6161,Uncategorized,0,Infants,1,1,,
6166,Uncategorized,0,Infants,1,1,,
6167,Uncategorized,0,Infants,1,1,,
6188,Uncategorized,0,Infants,1,1,,
6199,Uncategorized,0,Infants,1,1,,
6211,Uncategorized,0,Infants,1,1,,
6220,Uncategorized,0,Infants,1,1,,
6224,Uncategorized,0,Infants,1,1,,
6238,Uncategorized,0,Infants,1,1,,
6239,Uncategorized,0,Infants,1,1,,
6244,Uncategorized,0,Infants,1,1,,
6254,Uncategorized,0,Infants,1,1,,
6255,Uncategorized,0,Infants,1,1,,
6277,Uncategorized,0,Infants,1,1,,
6299,Uncategorized,0,Infants,1,1,,
6300,Uncategorized,0,Infants,1,1,,
6306,Uncategorized,0,Infants,1,1,,
6307,Uncategorized,0,Infants,1,1,,
6327,Uncategorized,0,Infants,1,1,,
6334,Uncategorized,0,Infants,1,1,,
6359,Uncategorized,0,Infants,1,1,,
6401,Uncategorized,0,Infants,1,1,,
6430,Uncategorized,0,Infants,1,1,,
6480,Uncategorized,0,Infants,1,1,,
6490,Uncategorized,0,Infants,1,1,,
6517,Uncategorized,0,Infants,1,1,,
6548,Uncategorized,0,Infants,1,1,,
6552,Uncategorized,0,Infants,1,1,,
9194,Western Cape,36,Adult,1,1,coloured,male
11883,Uncategorized,0,Infants,1,1,,
18031,Gauteng,37,Adult,1,1,black,female
18072,Western Cape,37,Adult,1,1,white,male
18136,Gauteng,35,Youth,1,1,coloured,male
20315,Uncategorized,0,Infants,1,1,,
23925,Kwazulu Natal,43,Adult,1,1,black,male
24110,Eastern Cape,38,Adult,1,1,black,female
27318,Uncategorized,0,Infants,1,1,,
28115,Limpopo,44,Adult,1,1,black,male
28240,Gauteng,40,Adult,1,1,,male
31162,Uncategorized,0,Infants,1,1,,
33103,Gauteng,26,Youth,1,1,coloured,male
33773,Uncategorized,0,Infants,1,1,,
36057,Eastern Cape,50,Adult,1,1,black,male
39353,Uncategorized,0,Infants,1,1,,
42284,Northern Cape,36,Adult,1,1,coloured,male
45769,Uncategorized,0,Infants,1,1,,
51888,Mpumalanga,24,Youth,1,1,black,female
56067,Kwazulu Natal,26,Youth,1,1,black,male
56830,Uncategorized,0,Infants,1,1,,
58907,Uncategorized,0,Infants,1,1,,
60711,Gauteng,22,Youth,1,1,black,male
61198,Uncategorized,0,Infants,1,1,,
63454,Uncategorized,0,Infants,1,1,,
65180,Uncategorized,0,Infants,1,1,,
65192,Uncategorized,0,Infants,1,1,,
67073,Uncategorized,0,Infants,1,1,,
67155,Uncategorized,0,Infants,1,1,,
67584,Western Cape,58,Elder,1,1,white,male
69030,Free State,37,Adult,1,1,black,male
69455,Western Cape,35,Youth,1,1,white,male
69707,Kwazulu Natal,34,Youth,1,1,indian_asian,male
69889,Western Cape,33,Youth,1,1,coloured,male
71491,Gauteng,25,Youth,1,1,,male
72316,Mpumalanga,9,Kids,1,1,coloured,female
80147,Uncategorized,0,Infants,1,1,,
82389,Uncategorized,0,Infants,1,1,,
82694,Uncategorized,0,Infants,1,1,,
82780,Uncategorized,0,Infants,1,1,,
83865,Uncategorized,0,Infants,1,1,,
85476,Kwazulu Natal,34,Youth,1,1,black,female
85945,Gauteng,30,Youth,1,1,white,male
86003,Gauteng,30,Youth,1,1,black,male
86582,Limpopo,25,Youth,1,1,black,male
87234,Uncategorized,0,Infants,1,1,,
91694,Gauteng,41,Adult,1,1,coloured,male
98046,Kwazulu Natal,31,Youth,1,1,black,male
99045,Limpopo,18,Teenager,1,1,,male
100538,Uncategorized,0,Infants,1,1,,
102190,Gauteng,42,Adult,1,1,white,male
103451,Gauteng,27,Youth,1,1,black,female
103657,Mpumalanga,24,Youth,1,1,white,male
104516,Uncategorized,0,Infants,1,1,,
115255,Kwazulu Natal,40,Adult,1,1,black,male
115518,Gauteng,36,Adult,1,1,black,male
117954,Uncategorized,0,Infants,1,1,,
119673,Kwazulu Natal,38,Adult,1,1,white,female
120169,Gauteng,30,Youth,1,1,black,female
120870,Mpumalanga,18,Teenager,1,1,white,male
122451,Uncategorized,0,Infants,1,1,,
131449,Uncategorized,0,Infants,1,1,,
134526,Uncategorized,0,Infants,1,1,,
135780,Kwazulu Natal,47,Adult,1,1,black,male
140005,Eastern Cape,29,Youth,1,1,coloured,male
147935,Uncategorized,0,Infants,1,1,,
150729,Mpumalanga,22,Youth,1,1,white,male
150741,Gauteng,22,Youth,1,1,black,female
152716,Uncategorized,0,Infants,1,1,,
159026,Gauteng,18,Teenager,1,1,coloured,female
159156,Uncategorized,0,Infants,1,1,,
162361,Gauteng,33,Youth,1,1,black,male
162937,Gauteng,24,Youth,1,1,white,male
163109,Western Cape,21,Youth,1,1,,male
170792,Gauteng,31,Youth,1,1,black,male
173765,Uncategorized,0,Infants,1,1,,
177269,Uncategorized,0,Infants,1,1,,
178022,Mpumalanga,54,Elder,1,1,white,male
178813,Gauteng,33,Youth,1,1,coloured,male
178992,Limpopo,30,Youth,1,1,indian_asian,female
182630,Uncategorized,0,Infants,1,1,,
183425,Mpumalanga,35,Youth,1,1,black,male
183982,Gauteng,27,Youth,1,1,black,female
187786,Kwazulu Natal,37,Adult,1,1,white,female
189027,Free State,13,Teenager,1,1,coloured,male
189392,Uncategorized,0,Infants,1,1,,
190586,Uncategorized,0,Infants,1,1,,
193886,Uncategorized,0,Infants,1,1,,
196084,Northern Cape,43,Adult,1,1,coloured,male
199852,Uncategorized,0,Infants,1,1,,
202019,Western Cape,25,Youth,1,1,indian_asian,male
206207,Gauteng,27,Youth,1,1,indian_asian,male
210187,North West,31,Youth,1,1,black,male
211993,Uncategorized,0,Infants,1,1,,
212439,Uncategorized,0,Infants,1,1,,
220052,Northern Cape,22,Youth,1,1,white,female
220098,Eastern Cape,21,Youth,1,1,white,male
221281,Uncategorized,0,Infants,1,1,,
223263,Limpopo,54,Elder,1,1,white,male
229151,Gauteng,25,Youth,1,1,black,male
233448,Eastern Cape,30,Youth,1,1,coloured,female
237510,Gauteng,42,Adult,1,1,black,female
241871,Gauteng,39,Adult,1,1,white,male
243824,Uncategorized,0,Infants,1,1,,
246335,Western Cape,32,Youth,1,1,coloured,male
252969,Eastern Cape,18,Teenager,1,1,coloured,male
257303,Western Cape,25,Youth,1,1,coloured,male
257502,Limpopo,22,Youth,1,1,black,female
264705,Mpumalanga,37,Adult,1,1,black,female
266766,Gauteng,29,Youth,1,1,black,female
266792,Gauteng,28,Youth,1,1,coloured,male
268737,Gauteng,23,Youth,1,1,black,male
273196,Uncategorized,0,Infants,1,1,,
273648,Uncategorized,0,Infants,1,1,,
273732,Uncategorized,0,Infants,1,1,,
279464,Uncategorized,0,Infants,1,1,,
283746,Uncategorized,0,Infants,1,1,,
283970,Uncategorized,0,Infants,1,1,,
294092,Uncategorized,0,Infants,1,1,,
301011,North West,47,Adult,1,1,black,male
302333,Gauteng,22,Youth,1,1,black,female
303194,Uncategorized,0,Infants,1,1,,
304208,Uncategorized,0,Infants,1,1,,
304349,Uncategorized,0,Infants,1,1,,male
304977,Free State,45,Adult,1,1,black,female
305730,Kwazulu Natal,30,Youth,1,1,black,female
320909,Western Cape,36,Adult,1,1,,male
325546,Mpumalanga,26,Youth,1,1,black,male
332788,Gauteng,38,Adult,1,1,,male
334955,Uncategorized,0,Infants,1,1,,
341651,Western Cape,16,Teenager,1,1,white,male
349851,Uncategorized,0,Infants,1,1,,
366496,Gauteng,18,Teenager,1,1,black,female
366659,Uncategorized,0,Infants,1,1,,
370331,Gauteng,39,Adult,1,1,white,female
370637,Western Cape,34,Youth,1,1,coloured,male
371772,Eastern Cape,9,Kids,1,1,indian_asian,female
375502,Limpopo,26,Youth,1,1,indian_asian,male
375711,Gauteng,23,Youth,1,1,white,male
378123,Uncategorized,0,Infants,1,1,,
390286,Kwazulu Natal,25,Youth,1,1,,male
390361,Gauteng,24,Youth,1,1,coloured,female
393552,Western Cape,33,Youth,1,1,coloured,male
394624,Mpumalanga,13,Teenager,1,1,white,male
397995,Gauteng,25,Youth,1,1,black,male
404205,Kwazulu Natal,45,Adult,1,1,black,male
411036,Western Cape,27,Youth,1,1,white,female
411548,Kwazulu Natal,15,Teenager,1,1,black,male
412331,Uncategorized,0,Infants,1,1,,
422095,Uncategorized,0,Infants,1,1,,
426407,Western Cape,27,Youth,1,1,,male
427849,Uncategorized,0,Infants,1,1,,
432435,Kwazulu Natal,53,Elder,1,1,black,male
433262,Limpopo,29,Youth,1,1,black,male
436474,Gauteng,42,Adult,1,1,black,female
440632,Western Cape,32,Youth,1,1,coloured,female
443916,Gauteng,39,Adult,1,1,white,female
447555,Mpumalanga,38,Adult,1,1,black,male
453480,Uncategorized,0,Infants,1,1,,
457259,Uncategorized,0,Infants,1,1,,
460303,Uncategorized,0,Infants,1,1,,
469412,Western Cape,46,Adult,1,1,,male
469821,Gauteng,36,Adult,1,1,black,male
474745,Limpopo,18,Teenager,1,1,black,male
478172,North West,26,Youth,1,1,white,male
480591,Uncategorized,0,Infants,1,1,,
481770,Kwazulu Natal,28,Youth,1,1,indian_asian,male
483783,Uncategorized,0,Infants,1,1,,
488096,Gauteng,51,Elder,1,1,black,male
489828,Uncategorized,0,Infants,1,1,,
491723,Western Cape,51,Elder,1,1,coloured,male
491753,Kwazulu Natal,50,Adult,1,1,white,female
492769,Gauteng,25,Youth,1,1,black,male
492897,Mpumalanga,23,Youth,1,1,coloured,male
496120,Free State,27,Youth,1,1,black,male
499367,Western Cape,32,Youth,1,1,black,male
507286,Eastern Cape,11,Kids,1,1,,female
511233,Uncategorized,0,Infants,1,1,,
512519,Gauteng,54,Elder,1,1,black,male
517144,Mpumalanga,29,Youth,1,1,black,male
519784,Uncategorized,0,Infants,1,1,,
520552,Eastern Cape,33,Youth,1,1,black,female
521247,Mpumalanga,21,Youth,1,1,black,male
522890,Uncategorized,0,Infants,1,1,,
530287,Mpumalanga,33,Youth,1,1,indian_asian,male
530321,Limpopo,33,Youth,1,1,black,female
530495,Gauteng,30,Youth,1,1,black,female
531053,Western Cape,18,Teenager,1,1,coloured,male
533013,Eastern Cape,56,Elder,1,1,coloured,male
534080,Eastern Cape,23,Youth,1,1,white,male
536151,Western Cape,42,Adult,1,1,white,female
539176,Western Cape,49,Adult,1,1,,male
542553,Western Cape,47,Adult,1,1,coloured,male
543441,Gauteng,25,Youth,1,1,white,male
543495,Gauteng,24,Youth,1,1,white,male
549030,Western Cape,42,Adult,1,1,,male
549032,Gauteng,42,Adult,1,1,black,male
549789,Gauteng,25,Youth,1,1,black,male
549843,North West,24,Youth,1,1,black,female
549969,Mpumalanga,21,Youth,1,1,indian_asian,male
551249,Uncategorized,0,Infants,1,1,,
552589,Gauteng,32,Youth,1,1,,male
555618,Eastern Cape,47,Adult,1,1,coloured,male
559277,Western Cape,26,Youth,1,1,,male
568131,Gauteng,34,Youth,1,1,black,male
573660,Uncategorized,0,Infants,1,1,,
575079,Kwazulu Natal,43,Adult,1,1,black,male
575863,Mpumalanga,26,Youth,1,1,white,male
575881,Western Cape,26,Youth,1,1,coloured,male
576231,Kwazulu Natal,17,Teenager,1,1,black,male
578540,Eastern Cape,51,Elder,1,1,black,male
580854,Uncategorized,0,Infants,1,1,,
581681,Gauteng,48,Adult,1,1,white,male
582217,Mpumalanga,34,Youth,1,1,black,male
582393,Kwazulu Natal,30,Youth,1,1,indian_asian,male
582516,Gauteng,28,Youth,1,1,black,male
582615,Free State,26,Youth,1,1,,male
582881,Northern Cape,20,Youth,1,1,coloured,female
585153,Free State,51,Elder,1,1,white,male
585283,Gauteng,45,Adult,1,1,black,male
585356,Western Cape,43,Adult,1,1,coloured,male
585415,Mpumalanga,41,Adult,1,1,black,male
585562,Northern Cape,38,Adult,1,1,,female
585655,North West,36,Adult,1,1,white,male
585704,Mpumalanga,35,Youth,1,1,,male
585831,Gauteng,33,Youth,1,1,white,female
585833,Gauteng,33,Youth,1,1,white,male
586144,Limpopo,28,Youth,1,1,white,male
586305,Limpopo,25,Youth,1,1,black,male
586442,Limpopo,22,Youth,1,1,white,male
586459,Free State,22,Youth,1,1,black,male
586480,Mpumalanga,22,Youth,1,1,black,male
586564,Gauteng,19,Teenager,1,1,coloured,male
588935,Western Cape,51,Elder,1,1,coloured,female
588987,Gauteng,48,Adult,1,1,black,male
589137,Gauteng,42,Adult,1,1,,female
589200,Kwazulu Natal,41,Adult,1,1,,male
589286,Gauteng,39,Adult,1,1,,male
589895,Eastern Cape,27,Youth,1,1,white,male
590330,Mpumalanga,18,Teenager,1,1,white,male
590480,Western Cape,10,Kids,1,1,indian_asian,female
591868,Uncategorized,0,Infants,1,1,,
592732,Limpopo,45,Adult,1,1,black,male
592782,Gauteng,43,Adult,1,1,black,male
593079,Gauteng,37,Adult,1,1,white,male
593270,North West,33,Youth,1,1,white,female
593622,Gauteng,27,Youth,1,1,black,female
593624,Eastern Cape,27,Youth,1,1,,male
593674,Western Cape,26,Youth,1,1,,male
593678,Kwazulu Natal,26,Youth,1,1,black,male
593867,Gauteng,23,Youth,1,1,white,male
596255,Gauteng,54,Elder,1,1,,male
596302,Gauteng,50,Adult,1,1,white,male
596429,Gauteng,44,Adult,1,1,white,male
596969,Gauteng,33,Youth,1,1,black,female
597265,Gauteng,28,Youth,1,1,black,male
597268,Eastern Cape,28,Youth,1,1,black,male
597416,Gauteng,25,Youth,1,1,black,male
597491,Gauteng,24,Youth,1,1,black,male
597503,Gauteng,24,Youth,1,1,white,male
597546,Kwazulu Natal,23,Youth,1,1,black,male
600115,Mpumalanga,44,Adult,1,1,white,male
600435,Western Cape,36,Adult,1,1,black,male
600446,Eastern Cape,36,Adult,1,1,black,male
600667,Western Cape,32,Youth,1,1,coloured,male
600682,Kwazulu Natal,31,Youth,1,1,black,male
600713,Kwazulu Natal,31,Youth,1,1,black,male
600911,Eastern Cape,28,Youth,1,1,black,male
600984,Mpumalanga,27,Youth,1,1,black,male
601019,Eastern Cape,26,Youth,1,1,indian_asian,male
601098,Gauteng,25,Youth,1,1,black,male
601176,Mpumalanga,23,Youth,1,1,white,male
601178,Free State,23,Youth,1,1,black,female
601422,Western Cape,10,Kids,1,1,,female
603546,Gauteng,51,Elder,1,1,,male
603558,Gauteng,50,Adult,1,1,black,male
603910,Gauteng,38,Adult,1,1,black,male
604047,Kwazulu Natal,35,Youth,1,1,black,male
604198,Western Cape,32,Youth,1,1,,male
604372,Gauteng,29,Youth,1,1,black,male
604430,Eastern Cape,28,Youth,1,1,white,male
604596,Kwazulu Natal,25,Youth,1,1,white,male
604764,Eastern Cape,21,Youth,1,1,black,male
606205,Uncategorized,0,Infants,1,1,,
607481,Kwazulu Natal,36,Adult,1,1,black,male
607730,Gauteng,31,Youth,1,1,black,male
609311,Uncategorized,0,Infants,1,1,,
610413,Eastern Cape,64,Elder,1,1,black,female
610483,Western Cape,52,Elder,1,1,,male
611188,Gauteng,32,Youth,1,1,black,male
611190,Gauteng,32,Youth,1,1,black,male
611337,Gauteng,30,Youth,1,1,coloured,male
611535,Gauteng,27,Youth,1,1,indian_asian,male
611645,Mpumalanga,25,Youth,1,1,black,male
611923,North West,18,Teenager,1,1,indian_asian,male
614114,Gauteng,55,Elder,1,1,black,male
614417,Gauteng,39,Adult,1,1,white,male
614603,Gauteng,34,Youth,1,1,black,female
614652,Mpumalanga,33,Youth,1,1,white,male
615057,Limpopo,25,Youth,1,1,black,female
615122,Mpumalanga,24,Youth,1,1,black,male
615496,Uncategorized,0,Infants,1,1,,
617535,Gauteng,40,Adult,1,1,indian_asian,male
617547,Gauteng,39,Adult,1,1,black,male
617576,Western Cape,39,Adult,1,1,white,male
617871,North West,32,Youth,1,1,black,male
617961,Mpumalanga,30,Youth,1,1,indian_asian,male
618016,Gauteng,29,Youth,1,1,,male
618028,Kwazulu Natal,29,Youth,1,1,black,male
620473,Western Cape,53,Elder,1,1,coloured,male
620816,Gauteng,39,Adult,1,1,white,male
621148,North West,32,Youth,1,1,black,male
621261,North West,30,Youth,1,1,black,male
621328,Western Cape,29,Youth,1,1,,male
621470,Western Cape,26,Youth,1,1,white,male
621521,Gauteng,25,Youth,1,1,black,male
621524,Gauteng,25,Youth,1,1,white,male
621621,Gauteng,23,Youth,1,1,black,male
621695,Western Cape,20,Youth,1,1,,female
623340,Gauteng,53,Elder,1,1,,male
623488,Western Cape,43,Adult,1,1,coloured,male
623564,Gauteng,41,Adult,1,1,black,male
623681,Eastern Cape,37,Adult,1,1,coloured,male
623774,Eastern Cape,35,Youth,1,1,black,male
624208,Kwazulu Natal,26,Youth,1,1,,male
624257,Gauteng,25,Youth,1,1,black,male
624424,Kwazulu Natal,21,Youth,1,1,indian_asian,male
625936,Gauteng,56,Elder,1,1,,male
626053,Gauteng,47,Adult,1,1,black,male
626697,Gauteng,31,Youth,1,1,black,female
626745,Limpopo,30,Youth,1,1,black,male
626750,Western Cape,30,Youth,1,1,coloured,male
626973,Free State,26,Youth,1,1,black,male
627027,Kwazulu Natal,25,Youth,1,1,indian_asian,male
627133,Gauteng,23,Youth,1,1,white,male
627170,Limpopo,22,Youth,1,1,black,male
629727,Gauteng,42,Adult,1,1,black,male
629932,Eastern Cape,39,Adult,1,1,white,male
630091,Western Cape,37,Adult,1,1,black,male
630358,Western Cape,34,Youth,1,1,black,female
630547,Gauteng,32,Youth,1,1,white,female
630977,Gauteng,28,Youth,1,1,coloured,male
630995,North West,27,Youth,1,1,black,male
631533,Gauteng,21,Youth,1,1,black,male
631602,Gauteng,19,Teenager,1,1,black,male
635874,Kwazulu Natal,42,Adult,1,1,black,male
636140,Western Cape,37,Adult,1,1,,male
636464,Gauteng,32,Youth,1,1,black,male
636845,Gauteng,27,Youth,1,1,black,female
636896,Kwazulu Natal,26,Youth,1,1,indian_asian,male
638935,Uncategorized,0,Infants,1,1,,
641005,Mpumalanga,35,Youth,1,1,,male
641172,Limpopo,32,Youth,1,1,black,male
641340,Eastern Cape,29,Youth,1,1,black,female
641456,Mpumalanga,27,Youth,1,1,black,male
641522,Gauteng,26,Youth,1,1,indian_asian,male
641647,Gauteng,24,Youth,1,1,black,male
641735,Gauteng,22,Youth,1,1,black,male
641737,Kwazulu Natal,22,Youth,1,1,indian_asian,male
642504,Uncategorized,0,Infants,1,1,,
650987,Free State,44,Adult,1,1,black,female
652906,Western Cape,43,Adult,1,1,coloured,male
663218,Free State,36,Adult,1,1,white,male
667632,Western Cape,34,Youth,1,1,,male
695996,Gauteng,24,Youth,1,1,black,female
703886,Mpumalanga,20,Youth,1,1,indian_asian,male
712592,Uncategorized,0,Infants,1,1,,
719331,Gauteng,42,Adult,1,1,white,male
719575,Western Cape,38,Adult,1,1,coloured,male
720294,Mpumalanga,29,Youth,1,1,black,male
720305,Gauteng,29,Youth,1,1,black,female
720398,Gauteng,28,Youth,1,1,coloured,female
720646,North West,25,Youth,1,1,white,male
720995,Gauteng,18,Teenager,1,1,black,female
722869,Uncategorized,0,Infants,1,1,,
722988,Uncategorized,0,Infants,1,1,,
723671,Gauteng,32,Youth,1,1,black,male
724179,Gauteng,21,Youth,1,1,black,female
727203,Western Cape,26,Youth,1,1,,male
729345,Gauteng,44,Adult,1,1,white,male
729427,Gauteng,42,Adult,1,1,black,female
729468,Eastern Cape,41,Adult,1,1,black,female
729721,Mpumalanga,35,Youth,1,1,black,male
730056,Gauteng,29,Youth,1,1,,male
730254,Gauteng,26,Youth,1,1,black,male
730294,Eastern Cape,25,Youth,1,1,black,male
730607,Gauteng,16,Teenager,1,1,black,male
732996,Gauteng,41,Adult,1,1,indian_asian,male
733281,Gauteng,35,Youth,1,1,black,male
733347,North West,34,Youth,1,1,,male
733756,Kwazulu Natal,27,Youth,1,1,indian_asian,female
733939,Mpumalanga,24,Youth,1,1,white,male
736517,Mpumalanga,39,Adult,1,1,black,male
737176,Limpopo,25,Youth,1,1,black,male
737179,Gauteng,25,Youth,1,1,,male
738944,Gauteng,54,Elder,1,1,white,male
738991,Mpumalanga,50,Adult,1,1,black,male
739194,Gauteng,41,Adult,1,1,white,male
739396,Western Cape,36,Adult,1,1,coloured,male
739893,Limpopo,26,Youth,1,1,black,male
741931,Gauteng,45,Adult,1,1,,male
742848,Eastern Cape,25,Youth,1,1,black,male
745315,Limpopo,31,Youth,1,1,white,male
745547,North West,26,Youth,1,1,white,male
747185,Gauteng,40,Adult,1,1,white,male
747259,Gauteng,38,Adult,1,1,white,male
747690,Gauteng,29,Youth,1,1,black,female
749945,Western Cape,55,Elder,1,1,coloured,male
750489,Mpumalanga,36,Adult,1,1,black,male
750715,Western Cape,32,Youth,1,1,coloured,male
751018,North West,27,Youth,1,1,white,male
751072,Free State,26,Youth,1,1,indian_asian,male
754765,Eastern Cape,51,Elder,1,1,black,male
755058,Eastern Cape,40,Adult,1,1,white,male
755814,Gauteng,25,Youth,1,1,black,male
758214,Kwazulu Natal,113,Pensioner,1,1,black,male
758272,Mpumalanga,53,Elder,1,1,black,male
758306,Free State,50,Adult,1,1,white,male
758931,Gauteng,30,Youth,1,1,black,male
760529,Mpumalanga,48,Adult,1,1,indian_asian,female
760937,Gauteng,36,Adult,1,1,black,male
761775,Gauteng,24,Youth,1,1,,male
763446,Free State,49,Adult,1,1,black,male
763525,Gauteng,37,Adult,1,1,black,male
763881,Kwazulu Natal,24,Youth,1,1,white,male
764296,Western Cape,23,Youth,1,1,coloured,male
764342,Eastern Cape,38,Adult,1,1,white,male
764355,Gauteng,24,Youth,1,1,white,male
764396,Eastern Cape,52,Elder,1,1,white,male
764429,Western Cape,22,Youth,1,1,white,male
764451,Gauteng,27,Youth,1,1,indian_asian,female
764468,Gauteng,34,Youth,1,1,black,male
764531,Limpopo,46,Adult,1,1,coloured,male
764656,Western Cape,34,Youth,1,1,indian_asian,male
764773,Gauteng,24,Youth,1,1,coloured,male
764800,Gauteng,28,Youth,1,1,black,male
764853,Gauteng,25,Youth,1,1,white,male
764912,Kwazulu Natal,22,Youth,1,1,,male
764929,Mpumalanga,34,Youth,1,1,black,male
764961,Gauteng,25,Youth,1,1,black,male
764989,North West,31,Youth,1,1,black,male
764993,Gauteng,43,Adult,1,1,,male
764997,Mpumalanga,31,Youth,1,1,black,male
765012,Gauteng,33,Youth,1,1,black,male
765182,Western Cape,35,Youth,1,1,black,male
765264,Mpumalanga,23,Youth,1,1,black,female
765340,Gauteng,14,Teenager,1,1,coloured,male
765409,Gauteng,33,Youth,1,1,coloured,male
765556,Limpopo,34,Youth,1,1,black,male
765581,Mpumalanga,29,Youth,1,1,,male
765595,Mpumalanga,52,Elder,1,1,black,male
765600,Gauteng,22,Youth,1,1,black,male
765622,North West,32,Youth,1,1,black,male
765640,Gauteng,36,Adult,1,1,indian_asian,male
765679,North West,42,Adult,1,1,black,male
765684,Gauteng,25,Youth,1,1,coloured,male
765696,Western Cape,41,Adult,1,1,coloured,male
765734,Limpopo,31,Youth,1,1,black,female
765767,Western Cape,23,Youth,1,1,white,male
765884,Gauteng,27,Youth,1,1,black,male
765885,Eastern Cape,32,Youth,1,1,coloured,female
765950,Mpumalanga,40,Adult,1,1,black,female
766033,Western Cape,54,Elder,1,1,indian_asian,male
766115,Kwazulu Natal,34,Youth,1,1,black,male
766143,Western Cape,29,Youth,1,1,coloured,male
766872,North West,49,Adult,1,1,black,female
770213,Gauteng,21,Youth,1,1,black,male
770770,Western Cape,19,Teenager,1,1,black,male
770963,Uncategorized,0,Infants,1,1,,
771003,Western Cape,31,Youth,1,1,coloured,male
771048,Gauteng,19,Teenager,1,1,,male
771123,Uncategorized,0,Infants,1,1,,
771147,Mpumalanga,28,Youth,1,1,white,male
771427,Western Cape,38,Adult,1,1,coloured,male
771597,Gauteng,38,Adult,1,1,,female
771611,Kwazulu Natal,44,Adult,1,1,indian_asian,male
771685,Uncategorized,0,Infants,1,1,,
771703,Kwazulu Natal,55,Elder,1,1,white,male
771756,Uncategorized,0,Infants,1,1,,
771772,Gauteng,29,Youth,1,1,indian_asian,male
771778,Eastern Cape,21,Youth,1,1,black,male
771783,Gauteng,23,Youth,1,1,indian_asian,male
771785,Gauteng,43,Adult,1,1,black,male
771791,Gauteng,34,Youth,1,1,black,male
771793,Western Cape,40,Adult,1,1,indian_asian,female
771796,Western Cape,35,Youth,1,1,coloured,male
771797,Gauteng,35,Youth,1,1,,male
771802,Western Cape,43,Adult,1,1,coloured,male
771816,Gauteng,31,Youth,1,1,black,male
771823,Western Cape,26,Youth,1,1,black,male
771830,Gauteng,49,Adult,1,1,black,male
771848,Gauteng,28,Youth,1,1,black,male
771849,Gauteng,55,Elder,1,1,,male
771855,North West,45,Adult,1,1,black,female
771856,Kwazulu Natal,24,Youth,1,1,,male
771858,Gauteng,27,Youth,1,1,white,male
771867,Gauteng,14,Teenager,1,1,black,male
771872,Western Cape,25,Youth,1,1,coloured,male
771876,North West,25,Youth,1,1,black,male
771877,Northern Cape,25,Youth,1,1,black,male
771881,Gauteng,31,Youth,1,1,black,male
771882,Gauteng,27,Youth,1,1,black,male
771888,Eastern Cape,41,Adult,1,1,coloured,male
771889,Eastern Cape,46,Adult,1,1,black,male
771902,Gauteng,24,Youth,1,1,black,male
771903,Gauteng,28,Youth,1,1,,male
771907,Kwazulu Natal,41,Adult,1,1,black,male
771911,North West,25,Youth,1,1,black,male
771924,Gauteng,31,Youth,1,1,black,female
771927,Western Cape,36,Adult,1,1,,female
771941,Western Cape,24,Youth,1,1,coloured,male
771945,Kwazulu Natal,32,Youth,1,1,black,male
771959,Western Cape,28,Youth,1,1,black,male
771974,Eastern Cape,23,Youth,1,1,black,male
771978,Kwazulu Natal,23,Youth,1,1,black,male
771985,Gauteng,23,Youth,1,1,black,female
772000,Mpumalanga,39,Adult,1,1,black,male
772028,North West,30,Youth,1,1,black,male
772030,Western Cape,34,Youth,1,1,coloured,male
772034,Kwazulu Natal,38,Adult,1,1,indian_asian,male
772042,Free State,31,Youth,1,1,white,female
772052,Western Cape,32,Youth,1,1,coloured,male
772054,Western Cape,27,Youth,1,1,white,male
772068,Kwazulu Natal,26,Youth,1,1,black,male
772088,Gauteng,35,Youth,1,1,black,male
772091,Gauteng,34,Youth,1,1,coloured,male
772098,Western Cape,54,Elder,1,1,white,male
772101,Gauteng,41,Adult,1,1,coloured,male
772102,Western Cape,60,Elder,1,1,coloured,male
772117,Western Cape,29,Youth,1,1,coloured,male
772142,Western Cape,32,Youth,1,1,indian_asian,male
772147,Kwazulu Natal,29,Youth,1,1,black,male
772177,Gauteng,25,Youth,1,1,black,female
772202,Gauteng,26,Youth,1,1,black,male
772209,Mpumalanga,19,Teenager,1,1,,male
772221,North West,48,Adult,1,1,black,male
772227,Limpopo,29,Youth,1,1,black,female
772230,Mpumalanga,21,Youth,1,1,black,male
772232,Western Cape,58,Elder,1,1,coloured,male
772243,Eastern Cape,19,Teenager,1,1,coloured,male
772251,Gauteng,31,Youth,1,1,black,male
772271,Western Cape,34,Youth,1,1,,male
772276,Eastern Cape,44,Adult,1,1,black,male
772277,Mpumalanga,48,Adult,1,1,black,male
772278,Western Cape,30,Youth,1,1,coloured,male
772309,Gauteng,35,Youth,1,1,black,male
772311,Mpumalanga,32,Youth,1,1,black,male
772325,Mpumalanga,31,Youth,1,1,black,male
772329,Kwazulu Natal,11,Kids,1,1,black,male
772330,Gauteng,21,Youth,1,1,white,male
772333,Mpumalanga,28,Youth,1,1,black,male
772341,Gauteng,31,Youth,1,1,,male
772343,North West,29,Youth,1,1,black,male
772355,Gauteng,25,Youth,1,1,,female
772361,Eastern Cape,47,Adult,1,1,white,male
772367,Free State,33,Youth,1,1,black,male
772369,Gauteng,57,Elder,1,1,black,female
772378,Free State,25,Youth,1,1,,female
772390,Gauteng,37,Adult,1,1,black,male
772399,Gauteng,34,Youth,1,1,black,male
772418,Gauteng,42,Adult,1,1,black,male
772421,North West,30,Youth,1,1,black,male
772434,Kwazulu Natal,29,Youth,1,1,black,female
772437,North West,31,Youth,1,1,black,male
772448,Free State,31,Youth,1,1,black,male
772449,Gauteng,25,Youth,1,1,white,male
772450,Western Cape,31,Youth,1,1,,male
772451,North West,36,Adult,1,1,black,female
772455,Gauteng,57,Elder,1,1,black,male
772474,Western Cape,26,Youth,1,1,coloured,male
772475,Gauteng,16,Teenager,1,1,white,male
772477,Kwazulu Natal,35,Youth,1,1,black,female
772478,Mpumalanga,24,Youth,1,1,black,male
772499,Western Cape,33,Youth,1,1,black,male
772507,Gauteng,30,Youth,1,1,black,male
772511,Limpopo,21,Youth,1,1,black,male
772528,Mpumalanga,32,Youth,1,1,black,female
772529,Gauteng,27,Youth,1,1,black,male
772532,Western Cape,27,Youth,1,1,coloured,male
772551,Western Cape,51,Elder,1,1,,male
772553,Western Cape,26,Youth,1,1,coloured,male
772557,Western Cape,32,Youth,1,1,coloured,male
772561,Western Cape,24,Youth,1,1,,male
772563,Western Cape,51,Elder,1,1,coloured,male
772575,Gauteng,41,Adult,1,1,black,male
772584,Gauteng,24,Youth,1,1,black,male
772587,Mpumalanga,22,Youth,1,1,black,male
772606,Kwazulu Natal,29,Youth,1,1,black,male
772607,Gauteng,24,Youth,1,1,coloured,male
772614,Free State,24,Youth,1,1,,male
772618,Kwazulu Natal,14,Teenager,1,1,coloured,female
772624,North West,47,Adult,1,1,black,male
772648,Western Cape,54,Elder,1,1,coloured,male
772650,Gauteng,37,Adult,1,1,black,male
772654,Limpopo,22,Youth,1,1,black,male
772665,Kwazulu Natal,34,Youth,1,1,black,male
772669,Western Cape,43,Adult,1,1,black,male
772671,Gauteng,24,Youth,1,1,white,male
772680,Gauteng,25,Youth,1,1,black,male
772685,Gauteng,36,Adult,1,1,black,male
772687,Limpopo,38,Adult,1,1,black,male
772694,Gauteng,32,Youth,1,1,black,male
772699,Gauteng,34,Youth,1,1,black,male
772704,Gauteng,27,Youth,1,1,white,male
772711,Kwazulu Natal,33,Youth,1,1,black,male
772734,Western Cape,38,Adult,1,1,white,male
772736,Western Cape,22,Youth,1,1,black,male
772742,Free State,25,Youth,1,1,black,female
772748,Gauteng,23,Youth,1,1,black,male
772759,Gauteng,46,Adult,1,1,black,male
772766,Mpumalanga,33,Youth,1,1,black,male
772778,Eastern Cape,32,Youth,1,1,coloured,male
772784,Kwazulu Natal,25,Youth,1,1,,male
772787,Gauteng,37,Adult,1,1,black,male
772796,Gauteng,13,Teenager,1,1,black,male
772798,Kwazulu Natal,42,Adult,1,1,black,male
772802,Free State,21,Youth,1,1,coloured,male
772826,Limpopo,23,Youth,1,1,black,male
772827,North West,28,Youth,1,1,black,male
772828,Northern Cape,25,Youth,1,1,coloured,male
772829,Limpopo,32,Youth,1,1,black,male
772832,Gauteng,29,Youth,1,1,white,female
772839,Limpopo,27,Youth,1,1,black,male
772844,Gauteng,34,Youth,1,1,black,male
772855,Kwazulu Natal,30,Youth,1,1,black,male
772861,Gauteng,27,Youth,1,1,black,male
772873,Limpopo,9,Kids,1,1,black,male
772879,Kwazulu Natal,41,Adult,1,1,white,male
772881,Kwazulu Natal,32,Youth,1,1,black,male
772890,Gauteng,25,Youth,1,1,,male
772891,Eastern Cape,44,Adult,1,1,coloured,male
772897,Gauteng,32,Youth,1,1,black,male
772900,Gauteng,30,Youth,1,1,black,male
772903,Eastern Cape,40,Adult,1,1,coloured,male
772904,Gauteng,50,Adult,1,1,,female
772912,Eastern Cape,29,Youth,1,1,white,male
772919,Gauteng,35,Youth,1,1,white,male
772921,Mpumalanga,25,Youth,1,1,black,male
772926,Kwazulu Natal,39,Adult,1,1,coloured,female
772929,Western Cape,39,Adult,1,1,white,male
772932,Northern Cape,27,Youth,1,1,black,male
772938,Western Cape,36,Adult,1,1,coloured,male
772943,Western Cape,30,Youth,1,1,coloured,male
772946,Western Cape,34,Youth,1,1,black,male
772948,Kwazulu Natal,51,Elder,1,1,indian_asian,male
772950,Gauteng,35,Youth,1,1,black,female
772952,Mpumalanga,45,Adult,1,1,white,male
772954,Northern Cape,32,Youth,1,1,coloured,female
772955,Gauteng,30,Youth,1,1,,male
772956,Gauteng,25,Youth,1,1,indian_asian,male
772957,Gauteng,53,Elder,1,1,indian_asian,male
772964,Mpumalanga,40,Adult,1,1,,male
772972,Western Cape,32,Youth,1,1,coloured,male
772975,Gauteng,35,Youth,1,1,black,male
772976,Gauteng,26,Youth,1,1,black,male
772978,Gauteng,33,Youth,1,1,,female
772980,Limpopo,25,Youth,1,1,black,male
772983,Gauteng,46,Adult,1,1,,male
772988,Gauteng,31,Youth,1,1,black,male
772992,Mpumalanga,24,Youth,1,1,black,male
772998,Mpumalanga,21,Youth,1,1,white,male
773002,Gauteng,25,Youth,1,1,black,male
773004,North West,32,Youth,1,1,black,male
773012,Gauteng,45,Adult,1,1,black,male
773014,Gauteng,19,Teenager,1,1,black,male
773016,Free State,45,Adult,1,1,black,male
773017,Gauteng,23,Youth,1,1,coloured,male
773020,North West,20,Youth,1,1,black,male
773027,Western Cape,39,Adult,1,1,coloured,male
773030,Northern Cape,25,Youth,1,1,black,female
773035,Western Cape,113,Pensioner,1,1,white,female
773039,Kwazulu Natal,27,Youth,1,1,indian_asian,male
773044,Western Cape,25,Youth,1,1,black,male
773049,Kwazulu Natal,26,Youth,1,1,indian_asian,male
773052,Gauteng,49,Adult,1,1,coloured,male
773053,Limpopo,44,Adult,1,1,,male
773054,Gauteng,34,Youth,1,1,black,male
773055,Kwazulu Natal,26,Youth,1,1,black,male
773057,Western Cape,38,Adult,1,1,black,male
773059,Mpumalanga,38,Adult,1,1,black,male
773061,Gauteng,46,Adult,1,1,black,male
773062,Mpumalanga,32,Youth,1,1,black,male
773064,Gauteng,49,Adult,1,1,white,male
773065,Gauteng,21,Youth,1,1,coloured,female
773077,Gauteng,45,Adult,1,1,black,male
773090,Gauteng,34,Youth,1,1,indian_asian,male
773098,North West,26,Youth,1,1,black,male
773105,Gauteng,36,Adult,1,1,black,male
773113,Kwazulu Natal,28,Youth,1,1,black,male
773133,Gauteng,37,Adult,1,1,black,male
773138,North West,40,Adult,1,1,black,male
773141,Limpopo,24,Youth,1,1,black,male
773142,Mpumalanga,54,Elder,1,1,white,male
773147,Gauteng,35,Youth,1,1,black,male
773149,Western Cape,27,Youth,1,1,coloured,male
773156,Gauteng,44,Adult,1,1,black,male
773159,Eastern Cape,27,Youth,1,1,white,male
773163,Western Cape,26,Youth,1,1,black,female
773165,Mpumalanga,28,Youth,1,1,black,male
773175,Mpumalanga,29,Youth,1,1,black,male
773183,Western Cape,12,Kids,1,1,white,male
773187,Mpumalanga,38,Adult,1,1,white,male
773188,Northern Cape,34,Youth,1,1,indian_asian,male
773197,Gauteng,40,Adult,1,1,coloured,female
773203,Gauteng,32,Youth,1,1,black,male
773206,Free State,52,Elder,1,1,white,male
773212,Gauteng,23,Youth,1,1,black,male
773214,Western Cape,45,Adult,1,1,,male
773226,Gauteng,20,Youth,1,1,white,male
773228,Limpopo,22,Youth,1,1,white,male
773242,Gauteng,37,Adult,1,1,white,male
773246,Mpumalanga,40,Adult,1,1,,male
773248,Gauteng,39,Adult,1,1,white,male
773263,Western Cape,35,Youth,1,1,coloured,male
773265,Kwazulu Natal,34,Youth,1,1,indian_asian,male
773269,Mpumalanga,35,Youth,1,1,black,male
773270,Western Cape,28,Youth,1,1,coloured,male
773276,Gauteng,27,Youth,1,1,white,male
773290,Northern Cape,26,Youth,1,1,coloured,male
773298,Western Cape,34,Youth,1,1,black,male
773300,Limpopo,22,Youth,1,1,black,female
773303,Gauteng,34,Youth,1,1,white,male
773304,Western Cape,49,Adult,1,1,black,male
773306,Western Cape,67,Pensioner,1,1,coloured,male
773309,Free State,24,Youth,1,1,black,female
773312,Gauteng,30,Youth,1,1,white,male
773314,North West,41,Adult,1,1,black,male
773317,Gauteng,47,Adult,1,1,white,female
773319,Northern Cape,19,Teenager,1,1,black,male
773320,Western Cape,46,Adult,1,1,coloured,male
773321,Kwazulu Natal,20,Youth,1,1,indian_asian,male
773323,Gauteng,25,Youth,1,1,coloured,male
773326,Gauteng,45,Adult,1,1,white,male
773327,Gauteng,25,Youth,1,1,black,female
773329,Gauteng,48,Adult,1,1,black,male
773339,Gauteng,27,Youth,1,1,coloured,male
773342,Mpumalanga,50,Adult,1,1,,male
773343,Free State,37,Adult,1,1,white,female
773347,Gauteng,25,Youth,1,1,black,male
773352,Gauteng,36,Adult,1,1,black,male
773360,Gauteng,40,Adult,1,1,indian_asian,male
773361,Gauteng,27,Youth,1,1,black,male
773365,Eastern Cape,44,Adult,1,1,black,male
773368,Gauteng,39,Adult,1,1,black,male
773384,Mpumalanga,46,Adult,1,1,black,male
773385,Gauteng,49,Adult,1,1,black,male
773387,Gauteng,18,Teenager,1,1,,male
773393,Western Cape,17,Teenager,1,1,white,male
773397,Western Cape,30,Youth,1,1,coloured,male
773403,Western Cape,31,Youth,1,1,,male
773405,Mpumalanga,29,Youth,1,1,black,male
773406,Gauteng,44,Adult,1,1,black,male
773409,Gauteng,33,Youth,1,1,,female
773413,Gauteng,21,Youth,1,1,black,male
773414,Gauteng,24,Youth,1,1,black,male
773415,Gauteng,35,Youth,1,1,black,male
773423,Western Cape,36,Adult,1,1,coloured,male
773431,Kwazulu Natal,24,Youth,1,1,indian_asian,female
773433,Kwazulu Natal,32,Youth,1,1,indian_asian,male
773440,Kwazulu Natal,19,Teenager,1,1,,male
773444,Limpopo,61,Elder,1,1,white,male
773452,Eastern Cape,44,Adult,1,1,black,male
773453,Eastern Cape,32,Youth,1,1,black,male
773458,Gauteng,20,Youth,1,1,black,female
773461,Limpopo,29,Youth,1,1,black,male
773462,Kwazulu Natal,38,Adult,1,1,black,male
773487,Kwazulu Natal,30,Youth,1,1,coloured,male
773491,Gauteng,41,Adult,1,1,white,male
773492,Kwazulu Natal,43,Adult,1,1,black,male
773503,Mpumalanga,33,Youth,1,1,white,male
773504,Kwazulu Natal,51,Elder,1,1,,male
773507,Kwazulu Natal,43,Adult,1,1,white,male
773509,Gauteng,24,Youth,1,1,coloured,male
773512,Eastern Cape,35,Youth,1,1,black,male
773517,Western Cape,59,Elder,1,1,coloured,male
773521,Gauteng,34,Youth,1,1,white,male
773530,Kwazulu Natal,46,Adult,1,1,black,male
773540,Western Cape,34,Youth,1,1,coloured,male
773545,Mpumalanga,62,Elder,1,1,black,female
773549,Free State,46,Adult,1,1,black,male
773552,Gauteng,44,Adult,1,1,black,male
773563,Mpumalanga,37,Adult,1,1,indian_asian,male
773569,Gauteng,42,Adult,1,1,,male
773570,Gauteng,43,Adult,1,1,,male
773728,Gauteng,36,Adult,1,1,,male
773978,Uncategorized,0,Infants,1,1,,
776532,Uncategorized,0,Infants,1,1,,
776949,Gauteng,59,Elder,1,1,white,male
777129,North West,31,Youth,1,1,white,male
777290,Gauteng,43,Adult,1,1,white,male
777486,Mpumalanga,35,Youth,1,1,black,male
777525,Northern Cape,34,Youth,1,1,indian_asian,male
777814,Mpumalanga,45,Adult,1,1,black,male
777845,Gauteng,18,Teenager,1,1,black,male
777875,Mpumalanga,36,Adult,1,1,black,male
777894,Gauteng,35,Youth,1,1,black,female
777927,Gauteng,35,Youth,1,1,indian_asian,male
777934,Gauteng,34,Youth,1,1,black,male
777946,Gauteng,43,Adult,1,1,black,female
777952,Gauteng,32,Youth,1,1,black,male
777965,Western Cape,44,Adult,1,1,coloured,male
778000,Western Cape,53,Elder,1,1,coloured,male
778011,Gauteng,20,Youth,1,1,white,male
778034,Gauteng,32,Youth,1,1,black,male
778036,Western Cape,35,Youth,1,1,coloured,female
778041,Gauteng,23,Youth,1,1,black,male
778180,Western Cape,34,Youth,1,1,coloured,male
778192,Western Cape,49,Adult,1,1,white,male
778248,Western Cape,34,Youth,1,1,,male
778267,Gauteng,31,Youth,1,1,black,male
778272,Western Cape,29,Youth,1,1,coloured,male
778332,Mpumalanga,39,Adult,1,1,black,male
778561,Western Cape,47,Adult,1,1,coloured,male
778615,Uncategorized,0,Infants,1,1,,
778797,Kwazulu Natal,47,Adult,1,1,indian_asian,male
778959,Gauteng,20,Youth,1,1,black,male
778983,Gauteng,20,Youth,1,1,black,male
778984,Gauteng,34,Youth,1,1,black,male
779244,Gauteng,29,Youth,1,1,white,male
779263,Gauteng,37,Adult,1,1,white,female
779369,Gauteng,36,Adult,1,1,black,male
779373,Limpopo,40,Adult,1,1,black,male
779395,Western Cape,23,Youth,1,1,coloured,male
779410,Gauteng,26,Youth,1,1,coloured,female
779442,Free State,31,Youth,1,1,black,female
779471,Eastern Cape,28,Youth,1,1,black,male
779485,North West,25,Youth,1,1,black,male
779486,Gauteng,36,Adult,1,1,black,male
779489,Kwazulu Natal,37,Adult,1,1,black,male
779500,Western Cape,33,Youth,1,1,white,male
779505,Gauteng,22,Youth,1,1,black,male
779576,Kwazulu Natal,22,Youth,1,1,,male
779588,Gauteng,32,Youth,1,1,white,male
779592,Gauteng,40,Adult,1,1,black,female
779618,North West,40,Adult,1,1,black,male
779642,Gauteng,42,Adult,1,1,black,male
779656,Gauteng,29,Youth,1,1,black,female
779704,Gauteng,34,Youth,1,1,black,male
779728,Gauteng,28,Youth,1,1,white,male
779770,Gauteng,37,Adult,1,1,coloured,male
779785,Kwazulu Natal,37,Adult,1,1,black,male
779807,Northern Cape,25,Youth,1,1,white,male
779859,Gauteng,20,Youth,1,1,black,male
779956,Western Cape,32,Youth,1,1,coloured,male
779969,Mpumalanga,34,Youth,1,1,black,male
779974,Mpumalanga,30,Youth,1,1,,female
779975,Western Cape,36,Adult,1,1,black,female
779980,Eastern Cape,46,Adult,1,1,coloured,male
779989,Gauteng,31,Youth,1,1,black,male
779996,Northern Cape,27,Youth,1,1,,male
779998,Northern Cape,29,Youth,1,1,coloured,male
780021,Mpumalanga,43,Adult,1,1,black,male
780037,Uncategorized,0,Infants,1,1,,
780045,Kwazulu Natal,29,Youth,1,1,white,male
780046,Gauteng,29,Youth,1,1,black,male
780056,Western Cape,30,Youth,1,1,coloured,male
780070,Gauteng,28,Youth,1,1,white,male
780108,Kwazulu Natal,45,Adult,1,1,white,male
780110,Northern Cape,25,Youth,1,1,black,female
780111,Gauteng,27,Youth,1,1,indian_asian,male
780130,Gauteng,44,Adult,1,1,black,male
780147,Gauteng,23,Youth,1,1,black,male
780191,Western Cape,26,Youth,1,1,coloured,male
780217,Kwazulu Natal,33,Youth,1,1,indian_asian,female
780232,Mpumalanga,35,Youth,1,1,black,female
780252,Limpopo,44,Adult,1,1,black,male
780254,Western Cape,24,Youth,1,1,coloured,male
780287,Limpopo,29,Youth,1,1,black,male
780291,Gauteng,41,Adult,1,1,black,male
780328,Kwazulu Natal,32,Youth,1,1,black,male
780334,Kwazulu Natal,26,Youth,1,1,black,male
780346,Western Cape,29,Youth,1,1,coloured,male
780355,Gauteng,30,Youth,1,1,white,male
780402,North West,34,Youth,1,1,black,female
780457,Western Cape,33,Youth,1,1,coloured,male
780466,Kwazulu Natal,50,Adult,1,1,black,male
780468,Gauteng,31,Youth,1,1,black,male
780477,Gauteng,38,Adult,1,1,black,male
780483,Mpumalanga,29,Youth,1,1,black,male
780497,Mpumalanga,27,Youth,1,1,black,female
780506,Western Cape,25,Youth,1,1,white,male
780546,Gauteng,45,Adult,1,1,black,male
780559,Western Cape,38,Adult,1,1,white,male
780583,Gauteng,27,Youth,1,1,black,male
780610,Gauteng,40,Adult,1,1,black,male
780648,Free State,46,Adult,1,1,black,female
780650,Mpumalanga,41,Adult,1,1,black,male
780656,Gauteng,45,Adult,1,1,black,male
780657,Western Cape,48,Adult,1,1,black,male
780695,Gauteng,31,Youth,1,1,black,male
780701,Gauteng,45,Adult,1,1,black,male
780710,Eastern Cape,24,Youth,1,1,black,female
780818,Mpumalanga,22,Youth,1,1,white,male
780819,Limpopo,38,Adult,1,1,black,male
780823,Western Cape,45,Adult,1,1,white,male
785456,Gauteng,41,Adult,1,1,white,female
785592,Limpopo,19,Teenager,1,1,white,male
785965,Western Cape,34,Youth,1,1,,male
785968,Gauteng,39,Adult,1,1,white,male
786055,Gauteng,25,Youth,1,1,white,female
786099,Gauteng,30,Youth,1,1,black,male
786181,Gauteng,27,Youth,1,1,black,male
786206,Gauteng,15,Teenager,1,1,indian_asian,male
786241,Gauteng,48,Adult,1,1,black,male
786270,Limpopo,20,Youth,1,1,black,male
786343,Kwazulu Natal,37,Adult,1,1,indian_asian,male
786446,Free State,56,Elder,1,1,,female
786452,Gauteng,28,Youth,1,1,white,male
786580,Gauteng,24,Youth,1,1,black,male
786585,Limpopo,26,Youth,1,1,white,male
786607,Western Cape,45,Adult,1,1,coloured,male
786693,Kwazulu Natal,41,Adult,1,1,black,male
786741,Free State,39,Adult,1,1,black,female
786757,Northern Cape,35,Youth,1,1,black,male
786800,Mpumalanga,23,Youth,1,1,black,male
786821,Mpumalanga,37,Adult,1,1,black,male
786863,Northern Cape,30,Youth,1,1,black,female
786864,Mpumalanga,25,Youth,1,1,black,male
786885,Gauteng,56,Elder,1,1,white,male
786910,Eastern Cape,33,Youth,1,1,black,male
786931,Kwazulu Natal,21,Youth,1,1,black,male
787028,Western Cape,44,Adult,1,1,coloured,male
787054,Mpumalanga,19,Teenager,1,1,white,male
787128,Gauteng,100,Pensioner,1,1,black,male
787182,Gauteng,46,Adult,1,1,white,male
787212,Gauteng,36,Adult,1,1,black,male
787256,Gauteng,27,Youth,1,1,coloured,male
787285,Gauteng,44,Adult,1,1,black,male
787343,Kwazulu Natal,41,Adult,1,1,white,male
787357,Mpumalanga,34,Youth,1,1,black,female
787359,Gauteng,28,Youth,1,1,black,male
787422,Mpumalanga,24,Youth,1,1,white,male
787444,Gauteng,47,Adult,1,1,white,male
787445,Gauteng,28,Youth,1,1,coloured,male
787533,Kwazulu Natal,48,Adult,1,1,black,male
787618,Gauteng,60,Elder,1,1,white,male
787649,Kwazulu Natal,38,Adult,1,1,black,male
787656,Gauteng,26,Youth,1,1,black,male
787730,Mpumalanga,32,Youth,1,1,white,male
787846,Western Cape,32,Youth,1,1,coloured,female
787954,Uncategorized,0,Infants,1,1,,
788008,Kwazulu Natal,17,Teenager,1,1,indian_asian,male
788215,Limpopo,33,Youth,1,1,indian_asian,male
788281,Gauteng,25,Youth,1,1,,male
788466,Western Cape,26,Youth,1,1,coloured,male
788537,Kwazulu Natal,32,Youth,1,1,black,male
788562,Gauteng,41,Adult,1,1,,male
788616,Gauteng,44,Adult,1,1,black,female
788649,Gauteng,39,Adult,1,1,white,male
788672,Gauteng,39,Adult,1,1,black,male
788725,Free State,32,Youth,1,1,black,male
788727,Western Cape,41,Adult,1,1,coloured,male
788728,Gauteng,35,Youth,1,1,black,male
788744,Western Cape,23,Youth,1,1,coloured,male
788751,Western Cape,26,Youth,1,1,coloured,male
788787,Northern Cape,19,Teenager,1,1,white,male
788788,Kwazulu Natal,40,Adult,1,1,black,male
788792,Gauteng,36,Adult,1,1,black,female
788794,Limpopo,24,Youth,1,1,black,male
788827,Western Cape,28,Youth,1,1,black,male
788844,Gauteng,28,Youth,1,1,black,male
788854,Limpopo,28,Youth,1,1,coloured,male
788856,Western Cape,45,Adult,1,1,,male
788857,Western Cape,47,Adult,1,1,white,male
788858,Western Cape,30,Youth,1,1,black,male
788877,Western Cape,26,Youth,1,1,coloured,female
788891,Kwazulu Natal,28,Youth,1,1,coloured,male
788893,Mpumalanga,33,Youth,1,1,black,male
788911,Gauteng,25,Youth,1,1,black,male
788922,Western Cape,52,Elder,1,1,coloured,male
788930,North West,31,Youth,1,1,white,male
788936,Limpopo,22,Youth,1,1,black,male
788941,Western Cape,35,Youth,1,1,white,male
788942,Western Cape,32,Youth,1,1,coloured,male
788945,Free State,33,Youth,1,1,black,male
788947,Kwazulu Natal,39,Adult,1,1,black,male
788949,Gauteng,29,Youth,1,1,white,male
788951,Kwazulu Natal,37,Adult,1,1,black,male
788954,Gauteng,41,Adult,1,1,black,male
788958,Kwazulu Natal,38,Adult,1,1,white,male
788959,Gauteng,35,Youth,1,1,,male
788961,North West,62,Elder,1,1,black,male
788969,North West,42,Adult,1,1,black,male
788978,Western Cape,37,Adult,1,1,,male
788988,Gauteng,44,Adult,1,1,black,female
788990,Mpumalanga,27,Youth,1,1,black,male
788992,Gauteng,29,Youth,1,1,black,male
788994,Western Cape,44,Adult,1,1,,male
788997,Gauteng,30,Youth,1,1,black,male
788998,Gauteng,41,Adult,1,1,white,male
788999,Kwazulu Natal,41,Adult,1,1,white,female
789004,Northern Cape,36,Adult,1,1,,male
789010,Northern Cape,23,Youth,1,1,black,male
789022,Eastern Cape,36,Adult,1,1,coloured,male
789030,Western Cape,9,Kids,1,1,,male
789047,Western Cape,44,Adult,1,1,white,male
789050,Mpumalanga,37,Adult,1,1,black,male
789051,Eastern Cape,25,Youth,1,1,black,male
789053,Gauteng,34,Youth,1,1,black,female
789054,Western Cape,42,Adult,1,1,black,male
789055,Gauteng,48,Adult,1,1,black,male
789056,Gauteng,48,Adult,1,1,black,female
789059,Kwazulu Natal,42,Adult,1,1,black,male
789060,Gauteng,32,Youth,1,1,black,male
789061,Gauteng,33,Youth,1,1,black,male
789062,Gauteng,33,Youth,1,1,black,male
789064,Western Cape,27,Youth,1,1,coloured,female
789068,Eastern Cape,30,Youth,1,1,coloured,male
789072,Gauteng,42,Adult,1,1,black,male
789076,Mpumalanga,31,Youth,1,1,black,female
789078,Northern Cape,27,Youth,1,1,white,male
789082,Limpopo,26,Youth,1,1,indian_asian,male
789090,Gauteng,27,Youth,1,1,black,male
789091,Mpumalanga,33,Youth,1,1,black,male
789095,Free State,20,Youth,1,1,black,male
789099,Gauteng,41,Adult,1,1,,male
789103,Eastern Cape,47,Adult,1,1,black,female
789105,Mpumalanga,34,Youth,1,1,black,male
789107,Limpopo,25,Youth,1,1,black,male
789109,Gauteng,32,Youth,1,1,black,female
789112,Gauteng,23,Youth,1,1,black,male
789122,Eastern Cape,24,Youth,1,1,black,male
789124,Gauteng,26,Youth,1,1,indian_asian,male
789127,Western Cape,25,Youth,1,1,coloured,male
789131,Gauteng,24,Youth,1,1,white,male
789133,Mpumalanga,33,Youth,1,1,black,female
789134,Gauteng,49,Adult,1,1,black,male
789138,Gauteng,42,Adult,1,1,black,male
789144,Gauteng,40,Adult,1,1,black,male
789148,Western Cape,36,Adult,1,1,coloured,male
789150,Kwazulu Natal,29,Youth,1,1,indian_asian,male
789155,Gauteng,36,Adult,1,1,black,female
789156,Mpumalanga,23,Youth,1,1,black,male
789167,Western Cape,41,Adult,1,1,indian_asian,male
789168,Limpopo,32,Youth,1,1,indian_asian,male
789171,Gauteng,34,Youth,1,1,,female
789176,Eastern Cape,30,Youth,1,1,coloured,male
789182,Gauteng,34,Youth,1,1,coloured,male
789185,Western Cape,27,Youth,1,1,coloured,male
789195,Mpumalanga,22,Youth,1,1,black,male
789201,Limpopo,36,Adult,1,1,black,male
789202,Western Cape,28,Youth,1,1,coloured,male
789204,Kwazulu Natal,23,Youth,1,1,indian_asian,male
789219,Kwazulu Natal,40,Adult,1,1,indian_asian,male
789220,Mpumalanga,26,Youth,1,1,white,male
789224,Western Cape,29,Youth,1,1,white,female
789225,Kwazulu Natal,14,Teenager,1,1,indian_asian,female
789227,Western Cape,36,Adult,1,1,coloured,male
789229,Free State,24,Youth,1,1,black,male
789241,Northern Cape,25,Youth,1,1,coloured,male
789244,North West,19,Teenager,1,1,black,male
789247,Western Cape,29,Youth,1,1,,male
789248,Western Cape,51,Elder,1,1,white,male
789250,Gauteng,38,Adult,1,1,white,male
789251,Western Cape,9,Kids,1,1,coloured,male
789252,Eastern Cape,37,Adult,1,1,coloured,male
789254,Mpumalanga,24,Youth,1,1,black,male
789256,Mpumalanga,27,Youth,1,1,black,male
789261,Gauteng,34,Youth,1,1,black,male
789263,Gauteng,24,Youth,1,1,white,male
789265,North West,32,Youth,1,1,white,male
789269,Kwazulu Natal,32,Youth,1,1,black,male
789278,Northern Cape,39,Adult,1,1,coloured,male
789280,Gauteng,42,Adult,1,1,black,male
789288,Limpopo,25,Youth,1,1,indian_asian,male
789295,Western Cape,35,Youth,1,1,white,female
789297,Mpumalanga,33,Youth,1,1,black,male
789306,Western Cape,28,Youth,1,1,coloured,male
789309,Western Cape,48,Adult,1,1,coloured,male
789311,Eastern Cape,34,Youth,1,1,black,male
789318,Western Cape,35,Youth,1,1,coloured,male
789319,Western Cape,44,Adult,1,1,black,male
789321,Mpumalanga,23,Youth,1,1,black,male
789358,Kwazulu Natal,30,Youth,1,1,indian_asian,male
789360,Mpumalanga,24,Youth,1,1,black,male
789365,Gauteng,40,Adult,1,1,,male
789368,Gauteng,22,Youth,1,1,black,male
789376,Gauteng,49,Adult,1,1,black,male
789429,Western Cape,35,Youth,1,1,black,male
789431,Mpumalanga,49,Adult,1,1,black,male
789474,Eastern Cape,48,Adult,1,1,,male
789476,Limpopo,40,Adult,1,1,white,male
789477,Kwazulu Natal,40,Adult,1,1,black,male
789766,Free State,18,Teenager,1,1,black,male
789773,Gauteng,32,Youth,1,1,black,male
790069,Kwazulu Natal,37,Adult,1,1,white,male
790102,Limpopo,32,Youth,1,1,indian_asian,male
790113,Western Cape,51,Elder,1,1,,male
790114,Gauteng,18,Teenager,1,1,white,male
790129,Western Cape,30,Youth,1,1,white,male
790134,North West,36,Adult,1,1,,female
790325,Kwazulu Natal,32,Youth,1,1,black,male
790327,Gauteng,37,Adult,1,1,black,male
790366,Gauteng,54,Elder,1,1,white,male
790373,Western Cape,26,Youth,1,1,coloured,male
790378,Kwazulu Natal,30,Youth,1,1,black,male
790440,Gauteng,16,Teenager,1,1,black,male
790459,Gauteng,41,Adult,1,1,white,male
790520,Gauteng,28,Youth,1,1,indian_asian,female
790685,Kwazulu Natal,29,Youth,1,1,black,male
791275,Gauteng,39,Adult,1,1,black,female
791320,Kwazulu Natal,37,Adult,1,1,indian_asian,female
791444,Gauteng,18,Teenager,1,1,black,male
791470,Gauteng,24,Youth,1,1,coloured,female
791480,Kwazulu Natal,18,Teenager,1,1,white,male
791497,Mpumalanga,34,Youth,1,1,black,male
791575,Gauteng,29,Youth,1,1,black,male
791644,Kwazulu Natal,40,Adult,1,1,white,male
791773,Kwazulu Natal,30,Youth,1,1,,male
791981,Gauteng,32,Youth,1,1,black,female
792086,Uncategorized,0,Infants,1,1,,
792114,Free State,21,Youth,1,1,black,male
792398,Northern Cape,37,Adult,1,1,black,male
792539,Free State,31,Youth,1,1,white,male
792729,Uncategorized,0,Infants,1,1,,
792875,Kwazulu Natal,24,Youth,1,1,indian_asian,male
792937,Gauteng,32,Youth,1,1,black,male
793041,North West,40,Adult,1,1,black,male
793124,Gauteng,30,Youth,1,1,indian_asian,male
793133,Western Cape,34,Youth,1,1,black,male
793232,North West,27,Youth,1,1,black,male
793259,Gauteng,30,Youth,1,1,black,male
793366,Kwazulu Natal,35,Youth,1,1,white,male
793382,Uncategorized,0,Infants,1,1,,
793446,Gauteng,48,Adult,1,1,,male
793571,Eastern Cape,9,Kids,1,1,white,female
793592,Uncategorized,0,Infants,1,1,,
793616,Gauteng,29,Youth,1,1,white,male
793649,Limpopo,21,Youth,1,1,,female
793652,Eastern Cape,32,Youth,1,1,black,male
793662,Western Cape,26,Youth,1,1,coloured,male
793670,Western Cape,44,Adult,1,1,coloured,male
793672,Kwazulu Natal,31,Youth,1,1,black,female
793693,Gauteng,25,Youth,1,1,black,male
793697,Kwazulu Natal,55,Elder,1,1,,male
793729,Western Cape,36,Adult,1,1,coloured,male
793752,Western Cape,28,Youth,1,1,white,male
793835,Free State,30,Youth,1,1,white,male
793883,Northern Cape,32,Youth,1,1,coloured,male
793905,Limpopo,41,Adult,1,1,black,female
793912,Gauteng,25,Youth,1,1,black,male
793938,Kwazulu Natal,48,Adult,1,1,indian_asian,male
793947,Gauteng,42,Adult,1,1,black,male
793961,Free State,28,Youth,1,1,black,female
794020,Western Cape,50,Adult,1,1,black,male
794025,Free State,35,Youth,1,1,black,male
794031,Mpumalanga,23,Youth,1,1,black,male
794044,Kwazulu Natal,31,Youth,1,1,indian_asian,male
794133,Western Cape,28,Youth,1,1,white,female
794141,Kwazulu Natal,28,Youth,1,1,coloured,male
794178,Northern Cape,36,Adult,1,1,black,male
794179,Eastern Cape,23,Youth,1,1,black,male
794190,Mpumalanga,29,Youth,1,1,white,male
794226,Western Cape,28,Youth,1,1,coloured,male
794238,Mpumalanga,24,Youth,1,1,white,male
794277,Gauteng,33,Youth,1,1,black,male
794287,Limpopo,27,Youth,1,1,black,male
794292,Free State,32,Youth,1,1,black,male
794315,Uncategorized,0,Infants,1,1,,
794328,Western Cape,24,Youth,1,1,coloured,male
794348,Gauteng,32,Youth,1,1,black,male
794354,Gauteng,47,Adult,1,1,indian_asian,male
794358,Western Cape,27,Youth,1,1,white,female
794368,Gauteng,34,Youth,1,1,white,male
794389,Gauteng,23,Youth,1,1,indian_asian,male
794394,North West,42,Adult,1,1,black,male
794421,Gauteng,35,Youth,1,1,white,female
794467,Limpopo,26,Youth,1,1,black,male
794489,Gauteng,34,Youth,1,1,black,male
794494,Limpopo,27,Youth,1,1,black,male
794511,Western Cape,34,Youth,1,1,indian_asian,male
794528,Kwazulu Natal,30,Youth,1,1,coloured,male
794549,Gauteng,20,Youth,1,1,black,male
794634,Mpumalanga,26,Youth,1,1,black,male
794647,Gauteng,40,Adult,1,1,white,male
794674,Western Cape,28,Youth,1,1,black,male
794762,Gauteng,42,Adult,1,1,,male
794763,Gauteng,23,Youth,1,1,black,male
794812,Eastern Cape,19,Teenager,1,1,white,male
794813,Western Cape,29,Youth,1,1,coloured,male
794852,Limpopo,35,Youth,1,1,,female
794880,Uncategorized,0,Infants,1,1,,
794892,Gauteng,40,Adult,1,1,black,male
794902,North West,43,Adult,1,1,coloured,male
794930,Gauteng,42,Adult,1,1,white,male
794932,Gauteng,33,Youth,1,1,black,female
794933,Kwazulu Natal,38,Adult,1,1,white,male
794939,Gauteng,26,Youth,1,1,,female
794966,Mpumalanga,15,Teenager,1,1,black,male
795012,Mpumalanga,27,Youth,1,1,black,male
795809,Gauteng,36,Adult,1,1,indian_asian,male
796562,Western Cape,23,Youth,1,1,coloured,male
796812,Western Cape,42,Adult,1,1,coloured,male
797116,Gauteng,32,Youth,1,1,white,male
797303,Gauteng,41,Adult,1,1,black,male
797351,Western Cape,39,Adult,1,1,coloured,male
797639,Kwazulu Natal,22,Youth,1,1,white,male
797667,North West,29,Youth,1,1,white,male
797707,North West,41,Adult,1,1,white,male
797994,Gauteng,22,Youth,1,1,black,male
798241,Mpumalanga,44,Adult,1,1,black,male
802352,Uncategorized,0,Infants,1,1,,
802455,Gauteng,28,Youth,1,1,white,male
802478,Western Cape,24,Youth,1,1,white,male
802485,Gauteng,34,Youth,1,1,white,male
802532,Uncategorized,0,Infants,1,1,,
802628,Uncategorized,0,Infants,1,1,,
802693,Western Cape,41,Adult,1,1,,male
802776,Free State,26,Youth,1,1,black,male
802821,Western Cape,26,Youth,1,1,coloured,male
803004,Uncategorized,0,Infants,1,1,,
803034,Uncategorized,0,Infants,1,1,,
803047,Uncategorized,0,Infants,1,1,,
803152,Eastern Cape,47,Adult,1,1,,male
803159,Gauteng,30,Youth,1,1,black,male
803160,Gauteng,50,Adult,1,1,indian_asian,female
803183,Gauteng,22,Youth,1,1,black,male
803185,Western Cape,37,Adult,1,1,,female
803190,Gauteng,39,Adult,1,1,,male
803296,Uncategorized,0,Infants,1,1,,
803373,Gauteng,29,Youth,1,1,indian_asian,male
803398,Northern Cape,65,Elder,1,1,white,female
803542,Kwazulu Natal,36,Adult,1,1,indian_asian,male
803575,Eastern Cape,27,Youth,1,1,indian_asian,male
803663,Gauteng,24,Youth,1,1,black,female
803703,Western Cape,33,Youth,1,1,coloured,male
803732,Kwazulu Natal,43,Adult,1,1,indian_asian,male
803748,Eastern Cape,35,Youth,1,1,indian_asian,male
803754,North West,26,Youth,1,1,black,female
803807,Gauteng,29,Youth,1,1,white,male
803815,Gauteng,32,Youth,1,1,white,male
803827,Limpopo,41,Adult,1,1,indian_asian,male
803847,Mpumalanga,28,Youth,1,1,black,male
803869,Mpumalanga,43,Adult,1,1,,male
803878,Mpumalanga,18,Teenager,1,1,black,female
803882,Gauteng,44,Adult,1,1,black,male
803897,Western Cape,25,Youth,1,1,white,male
803921,Uncategorized,0,Infants,1,1,,
803936,Gauteng,35,Youth,1,1,coloured,male
803958,Gauteng,21,Youth,1,1,white,male
803967,Kwazulu Natal,43,Adult,1,1,black,male
803990,Free State,27,Youth,1,1,black,female
803994,Gauteng,24,Youth,1,1,white,male
804168,Gauteng,42,Adult,1,1,coloured,male
804189,North West,39,Adult,1,1,black,male
804262,Kwazulu Natal,22,Youth,1,1,indian_asian,male
804277,Gauteng,27,Youth,1,1,black,male
804289,Mpumalanga,31,Youth,1,1,black,male
804327,Limpopo,43,Adult,1,1,indian_asian,male
804347,Gauteng,37,Adult,1,1,white,male
804350,Western Cape,28,Youth,1,1,coloured,female
804360,Limpopo,20,Youth,1,1,black,male
804403,Gauteng,28,Youth,1,1,black,male
804404,Mpumalanga,33,Youth,1,1,black,male
804413,Limpopo,14,Teenager,1,1,black,male
804456,Gauteng,26,Youth,1,1,black,male
804459,Gauteng,30,Youth,1,1,black,female
804464,Limpopo,29,Youth,1,1,black,female
804480,Western Cape,50,Adult,1,1,coloured,male
804535,Northern Cape,20,Youth,1,1,white,male
804539,Gauteng,50,Adult,1,1,,male
804554,Mpumalanga,38,Adult,1,1,black,male
804560,Western Cape,25,Youth,1,1,coloured,male
804601,Gauteng,25,Youth,1,1,white,female
804626,Gauteng,24,Youth,1,1,black,female
804676,Western Cape,40,Adult,1,1,coloured,male
804700,Kwazulu Natal,38,Adult,1,1,black,male
804761,Eastern Cape,20,Youth,1,1,white,male
804771,Gauteng,35,Youth,1,1,white,male
804782,Kwazulu Natal,32,Youth,1,1,indian_asian,male
804797,Kwazulu Natal,26,Youth,1,1,black,male
804854,Kwazulu Natal,35,Youth,1,1,black,male
804884,Eastern Cape,18,Teenager,1,1,white,male
804888,North West,29,Youth,1,1,black,male
804936,Gauteng,38,Adult,1,1,black,male
804973,Western Cape,44,Adult,1,1,white,male
804996,Kwazulu Natal,33,Youth,1,1,coloured,male
805006,Free State,29,Youth,1,1,white,male
805025,Mpumalanga,44,Adult,1,1,black,male
805054,Western Cape,30,Youth,1,1,,male
805082,Gauteng,33,Youth,1,1,white,male
805095,Western Cape,40,Adult,1,1,coloured,male
805113,Gauteng,39,Adult,1,1,white,male
805172,Gauteng,33,Youth,1,1,black,male
805182,Western Cape,28,Youth,1,1,coloured,male
805186,Western Cape,23,Youth,1,1,coloured,male
805196,Western Cape,39,Adult,1,1,white,male
805208,Western Cape,23,Youth,1,1,coloured,male
805211,Western Cape,37,Adult,1,1,,male
805244,Gauteng,32,Youth,1,1,white,male
805266,Western Cape,66,Pensioner,1,1,,male
805279,Gauteng,38,Adult,1,1,coloured,male
805296,Gauteng,67,Pensioner,1,1,,male
805299,Gauteng,34,Youth,1,1,white,male
805308,Northern Cape,48,Adult,1,1,,male
805310,Gauteng,39,Adult,1,1,black,male
805336,Mpumalanga,47,Adult,1,1,white,male
805337,Gauteng,37,Adult,1,1,black,male
805349,Kwazulu Natal,56,Elder,1,1,white,male
805381,Western Cape,29,Youth,1,1,,male
805735,Mpumalanga,26,Youth,1,1,black,female
805818,Uncategorized,0,Infants,1,1,,
805998,Gauteng,46,Adult,1,1,white,male
806431,Eastern Cape,41,Adult,1,1,black,male
806601,Kwazulu Natal,48,Adult,1,1,white,male
806707,Western Cape,34,Youth,1,1,coloured,male
806823,Gauteng,37,Adult,1,1,black,male
806986,Limpopo,34,Youth,1,1,black,male
807366,Eastern Cape,43,Adult,1,1,white,male
807432,Gauteng,28,Youth,1,1,black,male
807597,Kwazulu Natal,25,Youth,1,1,white,male
807861,Gauteng,34,Youth,1,1,black,male
807935,Uncategorized,0,Infants,1,1,,
807936,Uncategorized,0,Infants,1,1,,
807937,Uncategorized,0,Infants,1,1,,
807938,Uncategorized,0,Infants,1,1,,
807939,Uncategorized,0,Infants,1,1,,
807940,Gauteng,30,Youth,1,1,black,male
807941,Mpumalanga,26,Youth,1,1,black,male
807942,Uncategorized,0,Infants,1,1,,
807943,Uncategorized,0,Infants,1,1,,
807944,Uncategorized,0,Infants,1,1,,
807945,Gauteng,26,Youth,1,1,black,male
807946,Kwazulu Natal,19,Teenager,1,1,white,male
807947,Gauteng,22,Youth,1,1,black,male
807948,Kwazulu Natal,36,Adult,1,1,black,male
807949,Gauteng,16,Teenager,1,1,indian_asian,male
807950,Uncategorized,0,Infants,1,1,,
807951,Uncategorized,0,Infants,1,1,,
807952,Limpopo,29,Youth,1,1,black,male
807953,Gauteng,17,Teenager,1,1,coloured,female
807954,Uncategorized,0,Infants,1,1,,
807955,Uncategorized,0,Infants,1,1,,
807956,Uncategorized,0,Infants,1,1,,
807957,Uncategorized,15,Teenager,1,1,,
807958,Uncategorized,0,Infants,1,1,,
807959,Kwazulu Natal,30,Youth,1,1,black,male
807960,Free State,47,Adult,1,1,white,male
807961,Uncategorized,0,Infants,1,1,,
807962,Uncategorized,0,Infants,1,1,,
807963,Uncategorized,0,Infants,1,1,indian_asian,
807964,Uncategorized,0,Infants,1,1,,
807965,Uncategorized,0,Infants,1,1,,
807966,Uncategorized,0,Infants,1,1,,
807967,Uncategorized,0,Infants,1,1,,
807968,Uncategorized,0,Infants,1,1,,
807969,Uncategorized,0,Infants,1,1,,
807970,Gauteng,27,Youth,1,1,black,male
807971,Uncategorized,0,Infants,1,1,,
807972,Eastern Cape,27,Youth,1,1,coloured,male
807973,Mpumalanga,22,Youth,1,1,white,male
807974,Uncategorized,0,Infants,1,1,,
807975,Uncategorized,0,Infants,1,1,,
807976,Uncategorized,0,Infants,1,1,,
807977,Kwazulu Natal,42,Adult,1,1,,male
807978,Gauteng,34,Youth,1,1,black,male
807979,Gauteng,31,Youth,1,1,black,male
807980,Uncategorized,0,Infants,1,1,,
807981,Gauteng,32,Youth,1,1,black,male
807982,Uncategorized,0,Infants,1,1,,
807983,Western Cape,18,Teenager,1,1,coloured,male
807984,Gauteng,26,Youth,1,1,black,male
807985,Kwazulu Natal,22,Youth,1,1,black,female
807986,Uncategorized,0,Infants,1,1,,
807987,Northern Cape,22,Youth,1,1,black,male
807988,Uncategorized,0,Infants,1,1,,
807989,Uncategorized,0,Infants,1,1,,
807990,Uncategorized,0,Infants,1,1,,
807991,Uncategorized,0,Infants,1,1,,
807992,Western Cape,35,Youth,1,1,black,male
807993,Uncategorized,0,Infants,1,1,,
807994,Mpumalanga,27,Youth,1,1,black,male
807995,Uncategorized,0,Infants,1,1,,
807996,Uncategorized,0,Infants,1,1,,
807997,Free State,25,Youth,1,1,,male
807998,Gauteng,25,Youth,1,1,white,female
807999,Uncategorized,0,Infants,1,1,,
808000,Uncategorized,0,Infants,1,1,,
808001,Kwazulu Natal,25,Youth,1,1,black,male
808002,Uncategorized,0,Infants,1,1,,
808003,Gauteng,17,Teenager,1,1,white,male
808004,Uncategorized,0,Infants,1,1,,
808005,Uncategorized,0,Infants,1,1,,
808006,Eastern Cape,16,Teenager,1,1,white,male
808007,Uncategorized,0,Infants,1,1,,
808008,Gauteng,22,Youth,1,1,black,male
808009,Uncategorized,0,Infants,1,1,,
808010,Kwazulu Natal,25,Youth,1,1,,male
808011,Uncategorized,0,Infants,1,1,,
808012,Western Cape,27,Youth,1,1,coloured,male
808013,Gauteng,22,Youth,1,1,black,male
808014,Uncategorized,0,Infants,1,1,,
808015,Kwazulu Natal,23,Youth,1,1,black,female
808016,Western Cape,44,Adult,1,1,white,male
808017,Uncategorized,0,Infants,1,1,,
808018,Uncategorized,0,Infants,1,1,,
808019,Uncategorized,0,Infants,1,1,,
808020,Uncategorized,0,Infants,1,1,,
808021,Uncategorized,0,Infants,1,1,,
808022,Uncategorized,0,Infants,1,1,,
808023,Uncategorized,0,Infants,1,1,,
808024,Uncategorized,0,Infants,1,1,,
808025,Mpumalanga,41,Adult,1,1,black,male
808026,Uncategorized,0,Infants,1,1,,
808027,Gauteng,28,Youth,1,1,black,female
808028,Uncategorized,0,Infants,1,1,,
808029,Uncategorized,0,Infants,1,1,,
808030,Uncategorized,0,Infants,1,1,,
808031,Uncategorized,0,Infants,1,1,,
808032,Uncategorized,0,Infants,1,1,,
808033,Gauteng,31,Youth,1,1,white,male
808034,Uncategorized,0,Infants,1,1,,
808035,Uncategorized,0,Infants,1,1,,
808036,Kwazulu Natal,24,Youth,1,1,black,male
808037,Kwazulu Natal,0,Infants,1,1,,
808038,Uncategorized,0,Infants,1,1,,
808039,Uncategorized,0,Infants,1,1,,
808040,Uncategorized,0,Infants,1,1,,
808041,Uncategorized,0,Infants,1,1,,
808042,Uncategorized,0,Infants,1,1,,
808043,Uncategorized,0,Infants,1,1,,
808044,Western Cape,25,Youth,1,1,black,female
808045,Mpumalanga,9,Kids,1,1,black,female
808046,Uncategorized,0,Infants,1,1,,
808047,Uncategorized,0,Infants,1,1,,
808048,Uncategorized,0,Infants,1,1,,
808049,North West,37,Adult,1,1,black,male
808050,Mpumalanga,50,Adult,1,1,black,male
808051,Uncategorized,0,Infants,1,1,,
808052,Uncategorized,0,Infants,1,1,,
808053,Mpumalanga,28,Youth,1,1,black,male
808054,Uncategorized,0,Infants,1,1,,
808055,Uncategorized,0,Infants,1,1,,
808056,Uncategorized,0,Infants,1,1,,
808057,Uncategorized,0,Infants,1,1,,
808058,Uncategorized,0,Infants,1,1,,
808059,North West,25,Youth,1,1,coloured,male
808060,Uncategorized,0,Infants,1,1,,
808061,Gauteng,30,Youth,1,1,black,female
808062,Uncategorized,0,Infants,1,1,,
808063,Uncategorized,0,Infants,1,1,,
808064,Uncategorized,0,Infants,1,1,,
808065,Uncategorized,0,Infants,1,1,,
808066,Mpumalanga,27,Youth,1,1,black,male
808067,Uncategorized,0,Infants,1,1,,
808068,Uncategorized,0,Infants,1,1,,
808069,Uncategorized,0,Infants,1,1,,
808070,Uncategorized,0,Infants,1,1,,
808071,Uncategorized,0,Infants,1,1,,
808072,Uncategorized,0,Infants,1,1,,
808073,Gauteng,28,Youth,1,1,black,male
808074,Limpopo,31,Youth,1,1,black,male
808075,Mpumalanga,34,Youth,1,1,black,male
808076,Uncategorized,0,Infants,1,1,,
808077,Uncategorized,0,Infants,1,1,,
808078,Uncategorized,0,Infants,1,1,,
808079,Uncategorized,0,Infants,1,1,,
808080,Uncategorized,0,Infants,1,1,,
808081,Uncategorized,0,Infants,1,1,,
808082,Gauteng,30,Youth,1,1,black,male
808083,Gauteng,21,Youth,1,1,coloured,male
808084,Uncategorized,0,Infants,1,1,,
808085,Uncategorized,0,Infants,1,1,,
808086,Kwazulu Natal,33,Youth,1,1,black,male
808087,Uncategorized,0,Infants,1,1,,
808088,Uncategorized,0,Infants,1,1,,
808089,Limpopo,27,Youth,1,1,black,male
808090,Uncategorized,0,Infants,1,1,,
808091,Uncategorized,0,Infants,1,1,,
808092,Kwazulu Natal,28,Youth,1,1,indian_asian,male
808093,Uncategorized,0,Infants,1,1,,
808094,Uncategorized,0,Infants,1,1,,
808095,Kwazulu Natal,62,Elder,1,1,black,male
808096,Uncategorized,0,Infants,1,1,,
808097,Uncategorized,0,Infants,1,1,,
808098,Uncategorized,0,Infants,1,1,,
808099,Uncategorized,0,Infants,1,1,,
808100,Uncategorized,0,Infants,1,1,,
808101,Uncategorized,0,Infants,1,1,,
808102,Kwazulu Natal,29,Youth,1,1,,male
808103,Eastern Cape,27,Youth,1,1,indian_asian,male
808104,Uncategorized,0,Infants,1,1,,
808105,Uncategorized,0,Infants,1,1,,
808106,Uncategorized,0,Infants,1,1,,
808107,Uncategorized,0,Infants,1,1,,
808108,Uncategorized,0,Infants,1,1,,
808109,Uncategorized,0,Infants,1,1,,
808110,Uncategorized,0,Infants,1,1,,
808111,Gauteng,24,Youth,1,1,black,male
808112,Uncategorized,0,Infants,1,1,,
808113,Uncategorized,0,Infants,1,1,,
808114,Uncategorized,0,Infants,1,1,,
808115,Western Cape,42,Adult,1,1,black,male
808116,Uncategorized,0,Infants,1,1,,
808117,Uncategorized,0,Infants,1,1,,
808118,Uncategorized,0,Infants,1,1,,
808119,Gauteng,29,Youth,1,1,black,male
808120,Uncategorized,0,Infants,1,1,,
808121,Uncategorized,0,Infants,1,1,,
808122,Uncategorized,0,Infants,1,1,,
808123,Uncategorized,0,Infants,1,1,,
808124,Eastern Cape,29,Youth,1,1,black,female
808125,Uncategorized,0,Infants,1,1,,
808126,Western Cape,49,Adult,1,1,,male
808127,Gauteng,43,Adult,1,1,black,male
808128,Uncategorized,0,Infants,1,1,,
808129,Uncategorized,0,Infants,1,1,,
808130,Uncategorized,0,Infants,1,1,,
808131,Uncategorized,0,Infants,1,1,,
808132,Gauteng,31,Youth,1,1,black,female
808133,Uncategorized,0,Infants,1,1,,
808134,Uncategorized,0,Infants,1,1,,
808135,Uncategorized,0,Infants,1,1,,
808136,Uncategorized,0,Infants,1,1,,
808137,Limpopo,27,Youth,1,1,black,male
808138,Gauteng,50,Adult,1,1,black,male
808139,Uncategorized,0,Infants,1,1,,
808140,Uncategorized,0,Infants,1,1,,
808141,Uncategorized,0,Infants,1,1,,
808142,Mpumalanga,24,Youth,1,1,black,female
808143,North West,26,Youth,1,1,coloured,male
808144,Uncategorized,0,Infants,1,1,,
808145,Uncategorized,0,Infants,1,1,,
808146,Gauteng,24,Youth,1,1,black,male
808147,North West,45,Adult,1,1,black,male
808148,Limpopo,29,Youth,1,1,black,male
808149,Uncategorized,0,Infants,1,1,,
808150,Uncategorized,0,Infants,1,1,,
808151,Uncategorized,0,Infants,1,1,,
808152,Kwazulu Natal,30,Youth,1,1,black,male
808153,Uncategorized,0,Infants,1,1,,
808154,Uncategorized,0,Infants,1,1,,
808155,Uncategorized,0,Infants,1,1,,
808156,Uncategorized,0,Infants,1,1,,
808157,Uncategorized,0,Infants,1,1,,
808158,Uncategorized,0,Infants,1,1,,
808159,Uncategorized,0,Infants,1,1,,
808160,Uncategorized,0,Infants,1,1,,
808161,Uncategorized,0,Infants,1,1,,
808162,Uncategorized,0,Infants,1,1,,
808163,Uncategorized,0,Infants,1,1,,
808164,Limpopo,29,Youth,1,1,indian_asian,male
808165,Eastern Cape,32,Youth,1,1,black,male
808166,Gauteng,45,Adult,1,1,black,male
808167,Uncategorized,0,Infants,1,1,,
808168,Gauteng,42,Adult,1,1,black,male
808169,Uncategorized,0,Infants,1,1,,
808170,Eastern Cape,42,Adult,1,1,black,female
808171,Uncategorized,0,Infants,1,1,,
808172,Uncategorized,0,Infants,1,1,,
808173,Uncategorized,0,Infants,1,1,,
808174,Uncategorized,0,Infants,1,1,,
808175,Mpumalanga,21,Youth,1,1,black,male
808176,Uncategorized,0,Infants,1,1,,
808177,Uncategorized,0,Infants,1,1,,
808178,Uncategorized,0,Infants,1,1,,
808179,Western Cape,44,Adult,1,1,indian_asian,male
808180,Uncategorized,0,Infants,1,1,,
808181,Uncategorized,0,Infants,1,1,,
808182,Mpumalanga,28,Youth,1,1,black,male
808183,Kwazulu Natal,23,Youth,1,1,indian_asian,male
808184,Kwazulu Natal,26,Youth,1,1,black,female
808185,Gauteng,25,Youth,1,1,black,male
808186,Gauteng,26,Youth,1,1,black,male
808187,Uncategorized,0,Infants,1,1,,
808188,Uncategorized,0,Infants,1,1,,
808189,Uncategorized,0,Infants,1,1,,
808190,Gauteng,17,Teenager,1,1,black,female
808191,Uncategorized,0,Infants,1,1,,
808192,Uncategorized,0,Infants,1,1,,
808193,Uncategorized,0,Infants,1,1,,
808194,Gauteng,24,Youth,1,1,black,male
808195,Uncategorized,0,Infants,1,1,,
808196,Uncategorized,0,Infants,1,1,,
808197,Uncategorized,0,Infants,1,1,,
808198,Uncategorized,0,Infants,1,1,,
808199,Gauteng,25,Youth,1,1,black,female
808200,Uncategorized,0,Infants,1,1,,
808201,Uncategorized,0,Infants,1,1,,
808202,Northern Cape,23,Youth,1,1,coloured,male
808203,Eastern Cape,28,Youth,1,1,coloured,male
808204,Uncategorized,0,Infants,1,1,,
808205,Uncategorized,0,Infants,1,1,,
808206,Uncategorized,0,Infants,1,1,,
808207,Gauteng,18,Teenager,1,1,white,female
808208,Gauteng,42,Adult,1,1,black,male
808209,Uncategorized,0,Infants,1,1,,
808210,Limpopo,25,Youth,1,1,black,male
808211,Limpopo,26,Youth,1,1,black,male
808212,Uncategorized,0,Infants,1,1,,
808213,Uncategorized,0,Infants,1,1,,
808214,Uncategorized,0,Infants,1,1,,
808215,Uncategorized,0,Infants,1,1,,
808236,Uncategorized,0,Infants,1,1,,
808282,Gauteng,31,Youth,1,1,black,male
808350,Gauteng,38,Adult,1,1,black,male
808396,Kwazulu Natal,31,Youth,1,1,indian_asian,male
808402,Uncategorized,0,Infants,1,1,,
808410,Western Cape,24,Youth,1,1,white,female
808448,Gauteng,35,Youth,1,1,indian_asian,male
808456,Free State,25,Youth,1,1,white,male
808521,Uncategorized,0,Infants,1,1,,
808542,Mpumalanga,24,Youth,1,1,black,female
808587,Limpopo,17,Teenager,1,1,indian_asian,male
808594,Limpopo,42,Adult,1,1,indian_asian,male
808626,Eastern Cape,39,Adult,1,1,indian_asian,male
808634,Gauteng,26,Youth,1,1,white,male
808640,Gauteng,40,Adult,1,1,indian_asian,male
808657,Mpumalanga,21,Youth,1,1,white,male
808658,Limpopo,31,Youth,1,1,indian_asian,male
808712,Kwazulu Natal,35,Youth,1,1,black,male
808721,Gauteng,22,Youth,1,1,black,male
808754,Gauteng,40,Adult,1,1,white,male
808785,Gauteng,29,Youth,1,1,white,male
808826,Uncategorized,0,Infants,1,1,,
808853,Gauteng,52,Elder,1,1,white,male
808869,Uncategorized,0,Infants,1,1,,
808897,Gauteng,35,Youth,1,1,black,female
808915,Kwazulu Natal,37,Adult,1,1,black,male
808916,Western Cape,43,Adult,1,1,,male
808917,Gauteng,34,Youth,1,1,black,male
808921,Mpumalanga,24,Youth,1,1,black,male
808923,Eastern Cape,23,Youth,1,1,,male
808926,Western Cape,22,Youth,1,1,coloured,male
808928,Gauteng,35,Youth,1,1,black,male
808929,Eastern Cape,32,Youth,1,1,black,female
808930,Limpopo,35,Youth,1,1,indian_asian,male
808934,Kwazulu Natal,36,Adult,1,1,indian_asian,male
808936,Gauteng,23,Youth,1,1,white,male
808941,Western Cape,36,Adult,1,1,coloured,male
808945,Western Cape,43,Adult,1,1,,male
808948,Western Cape,43,Adult,1,1,coloured,female
808949,Kwazulu Natal,35,Youth,1,1,black,female
808950,Free State,18,Teenager,1,1,black,male
808958,Gauteng,25,Youth,1,1,black,male
808961,Gauteng,27,Youth,1,1,indian_asian,male
808965,Western Cape,36,Adult,1,1,coloured,male
808966,Free State,21,Youth,1,1,black,male
808969,Gauteng,18,Teenager,1,1,black,male
808971,Gauteng,36,Adult,1,1,black,male
808976,Gauteng,46,Adult,1,1,black,male
808979,Free State,26,Youth,1,1,white,female
808983,Western Cape,45,Adult,1,1,coloured,male
808984,Western Cape,42,Adult,1,1,coloured,male
808988,Gauteng,34,Youth,1,1,black,male
808990,Western Cape,39,Adult,1,1,coloured,male
808997,Limpopo,27,Youth,1,1,black,male
809000,Gauteng,47,Adult,1,1,black,male
809006,Gauteng,31,Youth,1,1,black,male
809008,Northern Cape,28,Youth,1,1,coloured,male
809010,Gauteng,31,Youth,1,1,coloured,male
809011,Western Cape,48,Adult,1,1,coloured,male
809015,Eastern Cape,31,Youth,1,1,coloured,female
809018,Kwazulu Natal,31,Youth,1,1,black,male
809021,Gauteng,41,Adult,1,1,black,male
809028,Kwazulu Natal,32,Youth,1,1,white,male
809034,Gauteng,61,Elder,1,1,black,male
809035,Gauteng,42,Adult,1,1,indian_asian,male
809039,Mpumalanga,43,Adult,1,1,white,male
809043,Gauteng,34,Youth,1,1,black,male
809045,Western Cape,38,Adult,1,1,coloured,male
809047,Western Cape,50,Adult,1,1,,female
809048,Limpopo,46,Adult,1,1,indian_asian,male
809056,Western Cape,43,Adult,1,1,coloured,male
809063,Gauteng,32,Youth,1,1,black,male
809071,Gauteng,35,Youth,1,1,black,male
809072,Kwazulu Natal,32,Youth,1,1,black,male
809076,Western Cape,27,Youth,1,1,coloured,male
809079,Mpumalanga,30,Youth,1,1,black,male
809081,Gauteng,23,Youth,1,1,black,male
809083,Gauteng,40,Adult,1,1,black,male
809085,Gauteng,28,Youth,1,1,black,male
809087,Eastern Cape,9,Kids,1,1,white,male
809091,Gauteng,51,Elder,1,1,black,male
809094,Northern Cape,37,Adult,1,1,coloured,male
809101,Limpopo,28,Youth,1,1,black,male
809102,Kwazulu Natal,34,Youth,1,1,indian_asian,male
809111,Limpopo,36,Adult,1,1,black,male
809116,Limpopo,55,Elder,1,1,black,male
809117,Western Cape,39,Adult,1,1,black,female
809123,Gauteng,50,Adult,1,1,black,male
809125,Mpumalanga,53,Elder,1,1,black,male
809127,Gauteng,59,Elder,1,1,white,male
809128,Gauteng,18,Teenager,1,1,black,male
809133,Eastern Cape,24,Youth,1,1,indian_asian,male
809139,Limpopo,28,Youth,1,1,black,male
809143,Gauteng,37,Adult,1,1,,male
809147,Eastern Cape,51,Elder,1,1,,male
809148,Limpopo,35,Youth,1,1,indian_asian,male
809151,Western Cape,27,Youth,1,1,coloured,male
809152,Gauteng,25,Youth,1,1,black,male
809156,Mpumalanga,25,Youth,1,1,black,male
809158,Gauteng,28,Youth,1,1,indian_asian,male
809162,Free State,54,Elder,1,1,black,male
809165,Gauteng,40,Adult,1,1,white,male
809166,Eastern Cape,22,Youth,1,1,white,male
809169,Gauteng,46,Adult,1,1,black,male
809172,Mpumalanga,27,Youth,1,1,coloured,female
809173,Kwazulu Natal,35,Youth,1,1,black,male
809176,Kwazulu Natal,41,Adult,1,1,black,male
809177,Mpumalanga,37,Adult,1,1,black,male
809183,Gauteng,44,Adult,1,1,black,male
809185,Uncategorized,0,Infants,1,1,,
809188,Free State,13,Teenager,1,1,black,female
809192,Mpumalanga,30,Youth,1,1,black,male
809197,Western Cape,29,Youth,1,1,coloured,male
809198,Mpumalanga,32,Youth,1,1,black,male
809199,Western Cape,35,Youth,1,1,coloured,male
809204,North West,47,Adult,1,1,black,male
809207,Limpopo,33,Youth,1,1,coloured,male
809209,Western Cape,24,Youth,1,1,,male
809216,Gauteng,47,Adult,1,1,black,male
809218,Western Cape,50,Adult,1,1,,male
809222,North West,59,Elder,1,1,,male
809226,Western Cape,34,Youth,1,1,coloured,male
809228,Western Cape,43,Adult,1,1,coloured,male
809229,Western Cape,31,Youth,1,1,coloured,male
809230,Gauteng,39,Adult,1,1,black,male
809231,Gauteng,45,Adult,1,1,black,male
809245,Western Cape,35,Youth,1,1,coloured,male
809247,Eastern Cape,41,Adult,1,1,,male
809249,Kwazulu Natal,38,Adult,1,1,black,male
809251,Western Cape,26,Youth,1,1,,male
809264,Gauteng,24,Youth,1,1,white,male
809266,Free State,46,Adult,1,1,coloured,male
809278,Western Cape,28,Youth,1,1,black,female
809284,Western Cape,32,Youth,1,1,white,male
809286,Mpumalanga,35,Youth,1,1,white,male
809292,Kwazulu Natal,24,Youth,1,1,black,female
809304,Mpumalanga,49,Adult,1,1,black,male
809306,Kwazulu Natal,30,Youth,1,1,white,male
809311,Western Cape,30,Youth,1,1,coloured,male
809312,Gauteng,19,Teenager,1,1,black,male
809313,Gauteng,53,Elder,1,1,white,male
809315,Free State,34,Youth,1,1,black,male
809316,Mpumalanga,29,Youth,1,1,black,female
809317,Western Cape,29,Youth,1,1,,male
809320,Western Cape,34,Youth,1,1,black,male
809321,Gauteng,52,Elder,1,1,black,female
809323,Mpumalanga,35,Youth,1,1,coloured,female
809325,Eastern Cape,15,Teenager,1,1,black,female
809326,Kwazulu Natal,39,Adult,1,1,black,male
809327,Western Cape,43,Adult,1,1,,male
809330,Gauteng,40,Adult,1,1,black,male
809331,Western Cape,49,Adult,1,1,indian_asian,male
809332,Gauteng,26,Youth,1,1,,male
809333,Gauteng,28,Youth,1,1,black,male
809337,Gauteng,21,Youth,1,1,coloured,male
809338,Kwazulu Natal,31,Youth,1,1,black,male
809339,Limpopo,47,Adult,1,1,black,male
809349,Gauteng,47,Adult,1,1,,male
809360,Mpumalanga,13,Teenager,1,1,black,male
809362,Gauteng,36,Adult,1,1,black,male
809364,Mpumalanga,36,Adult,1,1,indian_asian,male
809369,Western Cape,33,Youth,1,1,coloured,male
809374,Gauteng,25,Youth,1,1,white,male
809380,Free State,32,Youth,1,1,white,male
809382,Gauteng,24,Youth,1,1,black,male
809387,North West,24,Youth,1,1,white,male
809392,Western Cape,37,Adult,1,1,coloured,male
809395,Mpumalanga,20,Youth,1,1,coloured,male
809398,Western Cape,37,Adult,1,1,black,male
809401,Limpopo,30,Youth,1,1,indian_asian,male
809407,Limpopo,33,Youth,1,1,black,female
809422,Gauteng,59,Elder,1,1,white,male
809423,Mpumalanga,30,Youth,1,1,white,male
809424,Western Cape,24,Youth,1,1,coloured,female
809432,Eastern Cape,37,Adult,1,1,coloured,male
809442,Western Cape,37,Adult,1,1,black,male
809448,Western Cape,20,Youth,1,1,coloured,male
809449,Kwazulu Natal,24,Youth,1,1,coloured,male
809450,Kwazulu Natal,24,Youth,1,1,black,male
809451,Kwazulu Natal,23,Youth,1,1,black,male
809455,North West,37,Adult,1,1,black,male
809463,Western Cape,36,Adult,1,1,black,male
809464,Mpumalanga,18,Teenager,1,1,black,female
809465,Gauteng,29,Youth,1,1,,male
809467,Western Cape,41,Adult,1,1,black,female
809469,Free State,44,Adult,1,1,white,male
809484,Limpopo,20,Youth,1,1,black,male
809486,Gauteng,25,Youth,1,1,white,male
809492,Limpopo,27,Youth,1,1,indian_asian,male
809493,Kwazulu Natal,40,Adult,1,1,,male
809495,Limpopo,35,Youth,1,1,black,female
809500,Gauteng,28,Youth,1,1,coloured,male
809504,Gauteng,44,Adult,1,1,black,male
809511,Western Cape,35,Youth,1,1,coloured,female
809516,Mpumalanga,23,Youth,1,1,black,female
809528,Gauteng,53,Elder,1,1,white,male
809530,Western Cape,36,Adult,1,1,black,male
809535,Western Cape,59,Elder,1,1,coloured,male
809536,Western Cape,32,Youth,1,1,coloured,male
809538,Kwazulu Natal,28,Youth,1,1,indian_asian,male
809542,Western Cape,16,Teenager,1,1,white,male
809544,Limpopo,24,Youth,1,1,,male
809547,Gauteng,38,Adult,1,1,indian_asian,male
809549,Gauteng,32,Youth,1,1,black,male
809552,Gauteng,34,Youth,1,1,black,male
809553,Kwazulu Natal,25,Youth,1,1,black,male
809554,Kwazulu Natal,27,Youth,1,1,indian_asian,male
809556,Mpumalanga,54,Elder,1,1,coloured,male
809563,Limpopo,37,Adult,1,1,indian_asian,male
809567,Mpumalanga,29,Youth,1,1,indian_asian,male
809573,Western Cape,23,Youth,1,1,coloured,male
809576,Kwazulu Natal,28,Youth,1,1,indian_asian,male
809577,Mpumalanga,26,Youth,1,1,black,male
809578,Limpopo,23,Youth,1,1,black,female
809588,Eastern Cape,37,Adult,1,1,black,male
809589,Eastern Cape,33,Youth,1,1,white,female
809591,Gauteng,30,Youth,1,1,,male
809604,Western Cape,24,Youth,1,1,black,male
809617,Mpumalanga,56,Elder,1,1,black,male
809633,Eastern Cape,50,Adult,1,1,black,male
809636,Mpumalanga,28,Youth,1,1,black,male
809640,Western Cape,52,Elder,1,1,coloured,male
809641,Limpopo,28,Youth,1,1,black,male
809647,Western Cape,39,Adult,1,1,coloured,male
809648,Western Cape,18,Teenager,1,1,black,male
809649,Kwazulu Natal,32,Youth,1,1,black,male
809658,Western Cape,42,Adult,1,1,black,male
809666,Mpumalanga,29,Youth,1,1,black,male
809669,Free State,21,Youth,1,1,white,male
809675,Kwazulu Natal,60,Elder,1,1,white,male
809676,Gauteng,23,Youth,1,1,black,male
809681,Mpumalanga,26,Youth,1,1,black,male
809694,Free State,38,Adult,1,1,black,male
809695,Kwazulu Natal,26,Youth,1,1,black,male
809704,Gauteng,26,Youth,1,1,,female
809707,Gauteng,38,Adult,1,1,black,male
809709,Western Cape,40,Adult,1,1,coloured,female
809715,Mpumalanga,41,Adult,1,1,black,male
809716,Gauteng,41,Adult,1,1,coloured,female
809717,Kwazulu Natal,28,Youth,1,1,black,male
809718,Eastern Cape,17,Teenager,1,1,black,female
809723,Gauteng,27,Youth,1,1,black,male
809726,Limpopo,31,Youth,1,1,indian_asian,male
809727,Limpopo,26,Youth,1,1,indian_asian,male
809731,Eastern Cape,43,Adult,1,1,black,male
809733,Gauteng,38,Adult,1,1,black,male
809737,Eastern Cape,39,Adult,1,1,black,male
809739,Eastern Cape,40,Adult,1,1,black,male
809741,Mpumalanga,27,Youth,1,1,black,male
809744,Kwazulu Natal,29,Youth,1,1,indian_asian,male
809752,Western Cape,31,Youth,1,1,black,male
809754,Mpumalanga,32,Youth,1,1,indian_asian,male
809756,Free State,27,Youth,1,1,black,male
809759,Limpopo,37,Adult,1,1,indian_asian,male
809765,Western Cape,37,Adult,1,1,coloured,male
809770,Gauteng,29,Youth,1,1,black,male
809776,Gauteng,27,Youth,1,1,black,male
809780,Western Cape,32,Youth,1,1,coloured,male
809781,Western Cape,29,Youth,1,1,coloured,male
809786,Mpumalanga,33,Youth,1,1,,male
809787,Kwazulu Natal,34,Youth,1,1,black,female
809790,Limpopo,40,Adult,1,1,black,male
809795,Kwazulu Natal,24,Youth,1,1,coloured,male
809798,Kwazulu Natal,29,Youth,1,1,,male
809799,Western Cape,22,Youth,1,1,white,male
809800,Western Cape,48,Adult,1,1,coloured,male
809801,Western Cape,35,Youth,1,1,black,male
809809,Kwazulu Natal,29,Youth,1,1,indian_asian,female
809813,Western Cape,35,Youth,1,1,black,male
809817,Western Cape,27,Youth,1,1,black,male
809820,Gauteng,25,Youth,1,1,black,male
809823,Gauteng,30,Youth,1,1,black,male
809824,Western Cape,38,Adult,1,1,coloured,male
809825,Gauteng,32,Youth,1,1,black,male
809828,Gauteng,40,Adult,1,1,black,male
809830,Mpumalanga,38,Adult,1,1,black,female
809834,Gauteng,33,Youth,1,1,black,male
809841,Western Cape,47,Adult,1,1,coloured,female
809853,Western Cape,46,Adult,1,1,,female
809856,Western Cape,24,Youth,1,1,,male
809857,Mpumalanga,21,Youth,1,1,black,male
809860,Kwazulu Natal,40,Adult,1,1,black,male
809861,Gauteng,28,Youth,1,1,black,male
809862,Limpopo,24,Youth,1,1,black,male
809866,Mpumalanga,19,Teenager,1,1,black,male
809871,Kwazulu Natal,15,Teenager,1,1,black,male
809881,Mpumalanga,35,Youth,1,1,black,male
809884,Gauteng,18,Teenager,1,1,coloured,male
809886,Western Cape,46,Adult,1,1,coloured,male
809887,Gauteng,41,Adult,1,1,black,male
809889,Gauteng,22,Youth,1,1,black,male
809890,Limpopo,52,Elder,1,1,indian_asian,male
809892,Gauteng,27,Youth,1,1,black,male
809900,Gauteng,27,Youth,1,1,white,male
809901,Gauteng,24,Youth,1,1,black,male
809903,Limpopo,23,Youth,1,1,black,male
809908,Eastern Cape,9,Kids,1,1,indian_asian,male
809917,Western Cape,39,Adult,1,1,coloured,male
809921,Limpopo,9,Kids,1,1,white,male
809924,Western Cape,52,Elder,1,1,black,male
809931,Gauteng,34,Youth,1,1,black,male
809934,Western Cape,38,Adult,1,1,black,male
809935,Gauteng,27,Youth,1,1,coloured,male
809942,Kwazulu Natal,15,Teenager,1,1,black,male
809946,Gauteng,57,Elder,1,1,black,male
809950,North West,33,Youth,1,1,black,male
809965,Limpopo,10,Kids,1,1,black,female
809970,Gauteng,23,Youth,1,1,black,female
809971,North West,23,Youth,1,1,black,male
809972,Gauteng,41,Adult,1,1,black,male
809974,Uncategorized,0,Infants,1,1,,
809980,Kwazulu Natal,28,Youth,1,1,indian_asian,male
809981,Eastern Cape,36,Adult,1,1,black,male
809982,Gauteng,35,Youth,1,1,white,male
809986,North West,34,Youth,1,1,indian_asian,male
809988,Gauteng,30,Youth,1,1,black,male
809993,Limpopo,11,Kids,1,1,white,male
809995,Kwazulu Natal,30,Youth,1,1,black,male
810000,Gauteng,27,Youth,1,1,black,male
810003,Gauteng,24,Youth,1,1,indian_asian,male
810004,Northern Cape,19,Teenager,1,1,coloured,male
810005,Mpumalanga,32,Youth,1,1,black,male
810007,Western Cape,26,Youth,1,1,coloured,male
810011,Kwazulu Natal,32,Youth,1,1,black,male
810013,Western Cape,45,Adult,1,1,,male
810015,Western Cape,36,Adult,1,1,indian_asian,male
810039,Kwazulu Natal,26,Youth,1,1,black,female
810041,Kwazulu Natal,30,Youth,1,1,black,male
810042,Gauteng,31,Youth,1,1,black,male
810044,Mpumalanga,32,Youth,1,1,coloured,male
810047,Mpumalanga,46,Adult,1,1,black,female
810051,Gauteng,22,Youth,1,1,indian_asian,female
810052,Limpopo,20,Youth,1,1,indian_asian,male
810063,Eastern Cape,28,Youth,1,1,coloured,male
810066,Gauteng,22,Youth,1,1,black,male
810068,Limpopo,40,Adult,1,1,black,male
810075,Kwazulu Natal,40,Adult,1,1,black,male
810077,Northern Cape,57,Elder,1,1,coloured,male
810079,Gauteng,30,Youth,1,1,black,male
810080,Gauteng,10,Kids,1,1,black,male
810081,Gauteng,43,Adult,1,1,coloured,male
810087,Limpopo,19,Teenager,1,1,black,female
810088,Eastern Cape,29,Youth,1,1,black,male
810092,Kwazulu Natal,41,Adult,1,1,,male
810095,Gauteng,41,Adult,1,1,white,female
810099,Kwazulu Natal,25,Youth,1,1,indian_asian,male
810100,Limpopo,19,Teenager,1,1,indian_asian,male
810104,Limpopo,24,Youth,1,1,black,male
810105,Gauteng,43,Adult,1,1,,male
810106,Gauteng,29,Youth,1,1,indian_asian,male
810110,Gauteng,51,Elder,1,1,black,male
810113,Eastern Cape,27,Youth,1,1,coloured,male
810117,Western Cape,32,Youth,1,1,coloured,male
810118,Western Cape,49,Adult,1,1,black,male
810119,Gauteng,19,Teenager,1,1,black,male
810121,Western Cape,44,Adult,1,1,coloured,male
810126,North West,20,Youth,1,1,white,female
810131,North West,30,Youth,1,1,black,male
810135,Limpopo,24,Youth,1,1,black,male
810144,Western Cape,28,Youth,1,1,black,male
810145,Limpopo,31,Youth,1,1,black,male
810151,Eastern Cape,28,Youth,1,1,black,male
810157,Western Cape,44,Adult,1,1,,male
810164,Mpumalanga,34,Youth,1,1,black,male
810167,Gauteng,33,Youth,1,1,black,female
810168,Gauteng,32,Youth,1,1,black,male
810169,Eastern Cape,31,Youth,1,1,white,male
810175,Eastern Cape,30,Youth,1,1,coloured,male
810176,Limpopo,24,Youth,1,1,indian_asian,male
810186,North West,21,Youth,1,1,black,female
810187,Gauteng,42,Adult,1,1,coloured,male
810189,Limpopo,49,Adult,1,1,indian_asian,male
810194,Eastern Cape,39,Adult,1,1,black,male
810197,Gauteng,27,Youth,1,1,coloured,male
810198,Western Cape,51,Elder,1,1,white,male
810204,Gauteng,40,Adult,1,1,black,male
810205,Gauteng,31,Youth,1,1,indian_asian,male
810210,Mpumalanga,42,Adult,1,1,black,male
810215,Mpumalanga,41,Adult,1,1,black,male
810224,Gauteng,45,Adult,1,1,black,male
810226,North West,24,Youth,1,1,black,male
810231,Gauteng,47,Adult,1,1,black,male
810235,Gauteng,36,Adult,1,1,indian_asian,male
810240,Uncategorized,0,Infants,1,1,,
810243,North West,24,Youth,1,1,black,male
810244,Western Cape,25,Youth,1,1,coloured,male
810246,Eastern Cape,15,Teenager,1,1,,male
810249,Kwazulu Natal,29,Youth,1,1,indian_asian,male
810253,North West,27,Youth,1,1,black,male
810258,Eastern Cape,35,Youth,1,1,black,male
810259,North West,29,Youth,1,1,black,male
810264,Gauteng,23,Youth,1,1,black,male
810268,Mpumalanga,24,Youth,1,1,black,male
810279,Western Cape,39,Adult,1,1,,male
810280,Western Cape,45,Adult,1,1,,male
810281,Western Cape,38,Adult,1,1,coloured,male
810282,Gauteng,26,Youth,1,1,black,male
810286,North West,31,Youth,1,1,white,male
810287,Mpumalanga,24,Youth,1,1,black,male
810289,Gauteng,34,Youth,1,1,black,male
810290,Gauteng,45,Adult,1,1,white,male
810291,Mpumalanga,19,Teenager,1,1,white,male
810293,Western Cape,36,Adult,1,1,white,male
810295,Western Cape,44,Adult,1,1,coloured,female
810300,Limpopo,24,Youth,1,1,black,male
810304,Gauteng,24,Youth,1,1,coloured,male
810307,Eastern Cape,22,Youth,1,1,indian_asian,male
810309,Eastern Cape,27,Youth,1,1,indian_asian,male
810310,Eastern Cape,28,Youth,1,1,white,male
810328,Gauteng,42,Adult,1,1,,male
810329,Limpopo,44,Adult,1,1,black,male
810332,Gauteng,40,Adult,1,1,black,male
810333,Limpopo,24,Youth,1,1,indian_asian,male
810334,Gauteng,43,Adult,1,1,coloured,male
810339,Western Cape,34,Youth,1,1,coloured,male
810340,Western Cape,44,Adult,1,1,coloured,male
810341,Gauteng,26,Youth,1,1,,male
810344,North West,30,Youth,1,1,white,male
810346,Kwazulu Natal,30,Youth,1,1,black,male
810349,Gauteng,36,Adult,1,1,black,male
810357,Kwazulu Natal,52,Elder,1,1,coloured,male
810359,Gauteng,39,Adult,1,1,black,male
810367,Western Cape,33,Youth,1,1,coloured,male
810376,Gauteng,49,Adult,1,1,white,male
810381,Western Cape,44,Adult,1,1,coloured,male
810383,Western Cape,45,Adult,1,1,indian_asian,male
810386,Kwazulu Natal,33,Youth,1,1,black,male
810387,Gauteng,31,Youth,1,1,indian_asian,male
810390,Gauteng,38,Adult,1,1,white,male
810400,Kwazulu Natal,46,Adult,1,1,black,female
810402,Gauteng,48,Adult,1,1,indian_asian,female
810403,Gauteng,47,Adult,1,1,white,male
810406,Gauteng,38,Adult,1,1,white,male
810407,Gauteng,32,Youth,1,1,,male
810408,Western Cape,33,Youth,1,1,coloured,male
810409,Gauteng,53,Elder,1,1,,male
810411,Gauteng,56,Elder,1,1,white,male
810414,Mpumalanga,54,Elder,1,1,black,female
810424,Gauteng,30,Youth,1,1,white,male
810435,Western Cape,26,Youth,1,1,black,male
810440,Gauteng,44,Adult,1,1,,male
810445,Western Cape,33,Youth,1,1,,male
810446,Western Cape,44,Adult,1,1,white,male
810454,Kwazulu Natal,56,Elder,1,1,indian_asian,male
810455,Gauteng,65,Elder,1,1,,male
810460,Western Cape,26,Youth,1,1,coloured,male
810463,Western Cape,34,Youth,1,1,,male
810467,Mpumalanga,36,Adult,1,1,indian_asian,male
810468,Gauteng,30,Youth,1,1,indian_asian,male
810473,Gauteng,42,Adult,1,1,,male
810474,Gauteng,32,Youth,1,1,indian_asian,female
810478,Limpopo,43,Adult,1,1,,male
810481,Gauteng,29,Youth,1,1,white,male
810484,Mpumalanga,23,Youth,1,1,,male
810486,Gauteng,38,Adult,1,1,white,male
810487,Western Cape,45,Adult,1,1,coloured,male
810488,Limpopo,28,Youth,1,1,black,male
810495,Eastern Cape,33,Youth,1,1,white,male
810498,Mpumalanga,40,Adult,1,1,white,male
810500,Eastern Cape,40,Adult,1,1,black,female
810506,Western Cape,43,Adult,1,1,white,male
810507,Western Cape,38,Adult,1,1,coloured,male
810508,Gauteng,53,Elder,1,1,white,male
810511,Western Cape,24,Youth,1,1,black,male
810513,Gauteng,36,Adult,1,1,black,female
810522,Eastern Cape,50,Adult,1,1,black,female
810523,Gauteng,51,Elder,1,1,white,male
810525,Gauteng,48,Adult,1,1,white,male
810526,Mpumalanga,31,Youth,1,1,black,male
810533,Gauteng,49,Adult,1,1,black,male
810534,Gauteng,24,Youth,1,1,white,male
810536,Mpumalanga,24,Youth,1,1,white,male
810537,Mpumalanga,34,Youth,1,1,coloured,female
810543,Mpumalanga,53,Elder,1,1,indian_asian,female
810546,Gauteng,33,Youth,1,1,black,male
810547,Gauteng,32,Youth,1,1,coloured,male
810555,North West,34,Youth,1,1,black,male
810557,Gauteng,26,Youth,1,1,black,male
810558,Northern Cape,30,Youth,1,1,white,male
810560,Gauteng,47,Adult,1,1,black,male
810563,Gauteng,29,Youth,1,1,black,male
810564,Western Cape,37,Adult,1,1,coloured,male
810565,Gauteng,44,Adult,1,1,black,male
810568,Gauteng,40,Adult,1,1,black,male
810569,Western Cape,34,Youth,1,1,black,male
810571,Kwazulu Natal,39,Adult,1,1,black,female
810572,Western Cape,22,Youth,1,1,,male
810573,Gauteng,18,Teenager,1,1,white,male
810574,Kwazulu Natal,48,Adult,1,1,indian_asian,male
810579,Western Cape,50,Adult,1,1,,male
810581,Western Cape,44,Adult,1,1,,male
810586,Western Cape,34,Youth,1,1,black,female
810587,Kwazulu Natal,52,Elder,1,1,black,male
810593,Limpopo,51,Elder,1,1,black,female
810594,Western Cape,31,Youth,1,1,coloured,male
810599,Western Cape,32,Youth,1,1,coloured,male
810604,Gauteng,47,Adult,1,1,,male
810605,Limpopo,31,Youth,1,1,indian_asian,male
810608,Western Cape,44,Adult,1,1,coloured,male
810609,Mpumalanga,26,Youth,1,1,black,male
810611,Mpumalanga,39,Adult,1,1,coloured,male
810614,Mpumalanga,28,Youth,1,1,black,male
810617,Kwazulu Natal,24,Youth,1,1,indian_asian,male
810619,Western Cape,22,Youth,1,1,,male
810627,Mpumalanga,26,Youth,1,1,black,male
810638,Gauteng,32,Youth,1,1,white,male
810643,Mpumalanga,42,Adult,1,1,black,male
810645,Mpumalanga,31,Youth,1,1,,male
810648,Kwazulu Natal,43,Adult,1,1,indian_asian,male
810649,Gauteng,20,Youth,1,1,white,male
810650,Gauteng,55,Elder,1,1,white,female
810651,Limpopo,38,Adult,1,1,indian_asian,male
810654,Western Cape,28,Youth,1,1,coloured,male
810663,Gauteng,41,Adult,1,1,white,male
810665,Gauteng,35,Youth,1,1,black,female
810669,Gauteng,41,Adult,1,1,,male
810670,Gauteng,60,Elder,1,1,,male
810671,Kwazulu Natal,27,Youth,1,1,,male
810672,Western Cape,46,Adult,1,1,coloured,male
810674,Gauteng,44,Adult,1,1,,male
810680,Kwazulu Natal,42,Adult,1,1,coloured,male
810681,Gauteng,31,Youth,1,1,black,male
810683,Gauteng,38,Adult,1,1,white,male
810684,Gauteng,45,Adult,1,1,white,male
810686,Gauteng,40,Adult,1,1,indian_asian,male
810688,Gauteng,33,Youth,1,1,white,male
810693,Western Cape,38,Adult,1,1,white,male
810694,Gauteng,52,Elder,1,1,white,male
810695,Western Cape,38,Adult,1,1,,male
810707,Mpumalanga,23,Youth,1,1,white,male
810710,Gauteng,36,Adult,1,1,black,male
810716,Western Cape,9,Kids,1,1,coloured,male
810718,Western Cape,36,Adult,1,1,coloured,male
810720,Free State,46,Adult,1,1,,male
810727,Western Cape,32,Youth,1,1,coloured,female
810738,Gauteng,38,Adult,1,1,,male
810739,Western Cape,39,Adult,1,1,,male
810743,Western Cape,35,Youth,1,1,,male
810751,Gauteng,39,Adult,1,1,black,male
810753,Northern Cape,41,Adult,1,1,black,male
810754,Western Cape,31,Youth,1,1,white,male
810756,Western Cape,41,Adult,1,1,,male
810758,Gauteng,46,Adult,1,1,coloured,male
810759,Gauteng,55,Elder,1,1,black,female
810764,Gauteng,45,Adult,1,1,black,male
810769,Western Cape,34,Youth,1,1,coloured,male
810770,Western Cape,25,Youth,1,1,coloured,male
810772,Mpumalanga,25,Youth,1,1,white,male
810773,Western Cape,31,Youth,1,1,black,male
810774,Uncategorized,0,Infants,1,1,,
810776,Western Cape,32,Youth,1,1,,male
811332,Gauteng,39,Adult,1,1,coloured,male
813929,Eastern Cape,36,Adult,1,1,white,male
813930,Gauteng,38,Adult,1,1,black,female
814007,Gauteng,31,Youth,1,1,white,male
816289,Mpumalanga,25,Youth,1,1,black,female
816585,Gauteng,18,Teenager,1,1,white,male
816807,Uncategorized,0,Infants,1,1,,
817216,Kwazulu Natal,31,Youth,1,1,white,male
817317,Western Cape,53,Elder,1,1,coloured,male
817331,Gauteng,16,Teenager,1,1,black,male
817449,Western Cape,33,Youth,1,1,coloured,male
817573,Kwazulu Natal,35,Youth,1,1,black,male
817992,Kwazulu Natal,46,Adult,1,1,black,male
818125,Gauteng,25,Youth,1,1,black,male
818570,Kwazulu Natal,29,Youth,1,1,black,male
818829,North West,52,Elder,1,1,white,male
818884,Limpopo,54,Elder,1,1,white,female
818957,Limpopo,40,Adult,1,1,white,female
818973,Western Cape,22,Youth,1,1,,male
818977,Gauteng,45,Adult,1,1,white,male
819048,Eastern Cape,27,Youth,1,1,,male
819074,Gauteng,53,Elder,1,1,white,male
819075,Kwazulu Natal,25,Youth,1,1,indian_asian,male
819098,Gauteng,47,Adult,1,1,white,male
819202,Gauteng,48,Adult,1,1,,male
819248,Uncategorized,0,Infants,1,1,,
819259,Western Cape,10,Kids,1,1,white,female
819332,Gauteng,62,Elder,1,1,white,male
819358,Western Cape,39,Adult,1,1,white,male
819402,Uncategorized,0,Infants,1,1,,
819426,Uncategorized,0,Infants,1,1,,
819466,Eastern Cape,23,Youth,1,1,,male
819507,Gauteng,28,Youth,1,1,indian_asian,female
819524,Western Cape,40,Adult,1,1,coloured,male
819528,Gauteng,17,Teenager,1,1,black,male
819539,Uncategorized,0,Infants,1,1,,
819562,Western Cape,33,Youth,1,1,coloured,male
819583,Gauteng,20,Youth,1,1,black,male
819588,Gauteng,35,Youth,1,1,white,male
819641,Uncategorized,0,Infants,1,1,,
819656,Western Cape,45,Adult,1,1,black,male
819683,Kwazulu Natal,55,Elder,1,1,coloured,male
819746,Gauteng,38,Adult,1,1,black,male
819763,Uncategorized,0,Infants,1,1,,
819771,Gauteng,37,Adult,1,1,black,male
819774,Gauteng,25,Youth,1,1,indian_asian,male
819799,Eastern Cape,34,Youth,1,1,indian_asian,male
819850,Uncategorized,0,Infants,1,1,,
819867,Limpopo,44,Adult,1,1,indian_asian,male
819869,Eastern Cape,46,Adult,1,1,coloured,male
819871,Mpumalanga,29,Youth,1,1,black,male
819902,North West,30,Youth,1,1,black,male
819936,Uncategorized,0,Infants,1,1,,
819949,Eastern Cape,25,Youth,1,1,indian_asian,male
819953,Limpopo,34,Youth,1,1,,male
819973,Kwazulu Natal,28,Youth,1,1,white,male
819998,Mpumalanga,22,Youth,1,1,black,male
820011,Uncategorized,0,Infants,1,1,,
820014,Limpopo,32,Youth,1,1,indian_asian,male
820048,Mpumalanga,37,Adult,1,1,white,male
820061,Gauteng,31,Youth,1,1,white,male
820067,Free State,54,Elder,1,1,coloured,male
820077,Western Cape,40,Adult,1,1,coloured,male
820093,Western Cape,26,Youth,1,1,white,male
820119,Limpopo,25,Youth,1,1,indian_asian,male
820300,Gauteng,66,Pensioner,1,1,white,male
820310,Gauteng,29,Youth,1,1,white,male
820321,Kwazulu Natal,26,Youth,1,1,indian_asian,male
820335,Gauteng,17,Teenager,1,1,indian_asian,male
820361,Mpumalanga,28,Youth,1,1,white,male
820387,Limpopo,15,Teenager,1,1,black,male
820398,Kwazulu Natal,28,Youth,1,1,black,male
820442,Gauteng,54,Elder,1,1,white,male
820443,North West,18,Teenager,1,1,black,male
820456,Gauteng,42,Adult,1,1,black,male
820491,Gauteng,48,Adult,1,1,black,male
820492,Limpopo,54,Elder,1,1,black,male
820500,Kwazulu Natal,26,Youth,1,1,black,female
820513,Western Cape,13,Teenager,1,1,black,male
820518,Gauteng,30,Youth,1,1,black,male
820524,Mpumalanga,19,Teenager,1,1,black,male
820539,Gauteng,24,Youth,1,1,black,male
820543,Gauteng,25,Youth,1,1,black,male
820544,Eastern Cape,42,Adult,1,1,indian_asian,male
820545,Gauteng,22,Youth,1,1,white,male
820562,Gauteng,44,Adult,1,1,,male
820565,Limpopo,23,Youth,1,1,black,male
820566,Gauteng,27,Youth,1,1,black,female
820568,Limpopo,29,Youth,1,1,indian_asian,male
820573,Gauteng,32,Youth,1,1,white,male
820580,Kwazulu Natal,26,Youth,1,1,coloured,male
820583,Gauteng,38,Adult,1,1,indian_asian,female
820601,Kwazulu Natal,35,Youth,1,1,indian_asian,male
820603,North West,20,Youth,1,1,black,male
820604,Eastern Cape,28,Youth,1,1,,male
820605,Western Cape,40,Adult,1,1,indian_asian,male
820607,Uncategorized,0,Infants,1,1,,
820609,Free State,25,Youth,1,1,,male
820610,Kwazulu Natal,65,Elder,1,1,white,male
820615,Free State,42,Adult,1,1,,male
820616,Kwazulu Natal,49,Adult,1,1,indian_asian,male
820619,Gauteng,39,Adult,1,1,,male
820627,Gauteng,30,Youth,1,1,black,male
820639,Limpopo,29,Youth,1,1,indian_asian,male
820641,Northern Cape,31,Youth,1,1,black,male
820653,Gauteng,36,Adult,1,1,black,male
820654,Eastern Cape,24,Youth,1,1,coloured,male
820659,Uncategorized,0,Infants,1,1,,
820661,Gauteng,58,Elder,1,1,black,male
820665,Limpopo,34,Youth,1,1,black,male
820685,Limpopo,26,Youth,1,1,indian_asian,male
820693,Western Cape,36,Adult,1,1,coloured,male
820695,Gauteng,33,Youth,1,1,black,male
820713,Western Cape,27,Youth,1,1,coloured,male
820717,Gauteng,36,Adult,1,1,black,male
820728,Gauteng,27,Youth,1,1,black,male
820737,Uncategorized,0,Infants,1,1,,
820745,Limpopo,35,Youth,1,1,white,male
820747,Gauteng,39,Adult,1,1,coloured,male
820751,Eastern Cape,28,Youth,1,1,coloured,male
820763,Gauteng,35,Youth,1,1,black,female
820770,Western Cape,36,Adult,1,1,coloured,male
820773,Gauteng,19,Teenager,1,1,indian_asian,male
820809,Gauteng,39,Adult,1,1,black,male
820829,Gauteng,33,Youth,1,1,,male
820849,Kwazulu Natal,17,Teenager,1,1,indian_asian,male
820852,Gauteng,26,Youth,1,1,indian_asian,male
820859,Eastern Cape,35,Youth,1,1,coloured,male
820872,Free State,29,Youth,1,1,black,male
820878,Western Cape,26,Youth,1,1,coloured,male
820879,Gauteng,28,Youth,1,1,black,male
820897,Gauteng,38,Adult,1,1,black,male
820910,Mpumalanga,27,Youth,1,1,black,male
820924,Gauteng,29,Youth,1,1,indian_asian,male
820927,Gauteng,23,Youth,1,1,,male
820928,Western Cape,28,Youth,1,1,coloured,male
820932,Gauteng,31,Youth,1,1,black,male
820969,North West,34,Youth,1,1,black,male
820970,North West,41,Adult,1,1,white,male
820978,Northern Cape,39,Adult,1,1,black,male
821009,Limpopo,27,Youth,1,1,indian_asian,male
821010,Limpopo,33,Youth,1,1,indian_asian,male
821033,Gauteng,32,Youth,1,1,,male
821041,Eastern Cape,37,Adult,1,1,coloured,male
821068,Western Cape,29,Youth,1,1,,male
821074,Eastern Cape,32,Youth,1,1,white,male
821083,Limpopo,36,Adult,1,1,indian_asian,male
821098,Free State,27,Youth,1,1,,male
821106,Gauteng,33,Youth,1,1,white,male
821120,Uncategorized,0,Infants,1,1,,
821133,Western Cape,31,Youth,1,1,indian_asian,male
821139,Western Cape,26,Youth,1,1,coloured,male
821146,Mpumalanga,19,Teenager,1,1,black,male
821163,Gauteng,30,Youth,1,1,black,male
821166,North West,19,Teenager,1,1,black,male
821168,Free State,40,Adult,1,1,,male
821186,Gauteng,21,Youth,1,1,black,male
821193,Mpumalanga,24,Youth,1,1,,male
821198,Kwazulu Natal,28,Youth,1,1,indian_asian,male
821206,Gauteng,41,Adult,1,1,white,male
821222,Limpopo,113,Pensioner,1,1,black,female
821223,Limpopo,24,Youth,1,1,indian_asian,male
821232,Gauteng,46,Adult,1,1,,male
821233,Western Cape,27,Youth,1,1,coloured,male
821236,Western Cape,26,Youth,1,1,,male
821260,Gauteng,47,Adult,1,1,black,female
821285,Western Cape,39,Adult,1,1,black,male
821289,Western Cape,57,Elder,1,1,black,male
821290,Kwazulu Natal,33,Youth,1,1,indian_asian,female
821309,Gauteng,22,Youth,1,1,black,male
821312,Gauteng,35,Youth,1,1,white,male
821313,Mpumalanga,28,Youth,1,1,black,male
821317,Kwazulu Natal,42,Adult,1,1,white,male
821329,Eastern Cape,37,Adult,1,1,indian_asian,male
821336,Western Cape,44,Adult,1,1,coloured,male
821350,Kwazulu Natal,26,Youth,1,1,black,female
821351,Western Cape,27,Youth,1,1,coloured,male
821354,Kwazulu Natal,29,Youth,1,1,coloured,male
821362,Eastern Cape,40,Adult,1,1,white,male
821371,Eastern Cape,113,Pensioner,1,1,,female
821379,Mpumalanga,17,Teenager,1,1,black,female
821393,Kwazulu Natal,35,Youth,1,1,black,male
821402,Gauteng,24,Youth,1,1,black,male
821432,Limpopo,29,Youth,1,1,indian_asian,male
821434,Gauteng,26,Youth,1,1,black,male
821443,Western Cape,34,Youth,1,1,coloured,male
821477,Gauteng,35,Youth,1,1,,male
821490,Kwazulu Natal,36,Adult,1,1,indian_asian,male
821498,Western Cape,10,Kids,1,1,black,female
821551,Kwazulu Natal,36,Adult,1,1,white,male
821559,Western Cape,38,Adult,1,1,coloured,male
821560,Kwazulu Natal,27,Youth,1,1,coloured,male
821569,Gauteng,52,Elder,1,1,white,male
821584,Northern Cape,30,Youth,1,1,black,male
821626,Uncategorized,0,Infants,1,1,,
821631,Gauteng,31,Youth,1,1,black,male
821653,Kwazulu Natal,39,Adult,1,1,black,male
821657,Kwazulu Natal,21,Youth,1,1,,male
821662,Gauteng,37,Adult,1,1,black,male
821676,Limpopo,40,Adult,1,1,black,female
821692,Eastern Cape,28,Youth,1,1,coloured,male
821702,Western Cape,31,Youth,1,1,black,male
821709,Kwazulu Natal,28,Youth,1,1,indian_asian,male
821710,Gauteng,30,Youth,1,1,black,male
821721,Gauteng,25,Youth,1,1,white,female
821730,Gauteng,38,Adult,1,1,black,male
821734,Gauteng,27,Youth,1,1,black,male
821735,Gauteng,36,Adult,1,1,white,male
821736,Limpopo,25,Youth,1,1,indian_asian,male
821746,North West,30,Youth,1,1,black,male
821747,Western Cape,30,Youth,1,1,coloured,male
821773,Eastern Cape,26,Youth,1,1,coloured,male
821788,Western Cape,45,Adult,1,1,white,male
821816,Gauteng,35,Youth,1,1,black,male
821820,Mpumalanga,23,Youth,1,1,black,male
821824,Uncategorized,0,Infants,1,1,,
821843,Limpopo,30,Youth,1,1,black,male
821866,Western Cape,44,Adult,1,1,coloured,male
821877,Gauteng,28,Youth,1,1,black,male
821878,Gauteng,27,Youth,1,1,white,male
821879,Western Cape,30,Youth,1,1,coloured,male
821893,Gauteng,33,Youth,1,1,white,male
821908,Northern Cape,24,Youth,1,1,coloured,male
821926,Western Cape,28,Youth,1,1,white,male
821930,Limpopo,25,Youth,1,1,black,male
821936,Gauteng,27,Youth,1,1,black,male
821939,Gauteng,36,Adult,1,1,black,female
821943,Gauteng,28,Youth,1,1,white,male
821946,Uncategorized,0,Infants,1,1,,
821952,Eastern Cape,33,Youth,1,1,coloured,male
821956,Gauteng,22,Youth,1,1,black,male
821963,Kwazulu Natal,32,Youth,1,1,black,female
821975,Gauteng,22,Youth,1,1,black,male
821993,Mpumalanga,23,Youth,1,1,indian_asian,male
821994,Free State,23,Youth,1,1,black,male
821997,Gauteng,27,Youth,1,1,black,male
822008,Gauteng,14,Teenager,1,1,coloured,male
822018,Western Cape,35,Youth,1,1,white,male
822027,Gauteng,24,Youth,1,1,black,female
822033,Kwazulu Natal,40,Adult,1,1,black,male
822036,Gauteng,40,Adult,1,1,black,male
822040,Limpopo,30,Youth,1,1,indian_asian,male
822062,Free State,27,Youth,1,1,coloured,male
822063,Western Cape,36,Adult,1,1,,male
822066,Limpopo,38,Adult,1,1,indian_asian,male
822067,Gauteng,38,Adult,1,1,coloured,male
822070,Gauteng,33,Youth,1,1,black,female
822075,Gauteng,23,Youth,1,1,black,male
822076,Free State,50,Adult,1,1,,male
822089,Kwazulu Natal,31,Youth,1,1,white,male
822091,Gauteng,30,Youth,1,1,indian_asian,male
822111,Western Cape,30,Youth,1,1,white,male
822116,Mpumalanga,42,Adult,1,1,white,male
822136,Northern Cape,36,Adult,1,1,black,male
822141,Gauteng,41,Adult,1,1,white,male
822142,Gauteng,33,Youth,1,1,black,male
822152,Gauteng,39,Adult,1,1,indian_asian,male
822163,Gauteng,37,Adult,1,1,black,male
822174,Gauteng,39,Adult,1,1,black,male
822182,Kwazulu Natal,56,Elder,1,1,white,male
822187,Gauteng,49,Adult,1,1,white,male
822190,Western Cape,39,Adult,1,1,coloured,male
822193,Western Cape,27,Youth,1,1,coloured,male
822205,Gauteng,44,Adult,1,1,white,male
822211,Eastern Cape,43,Adult,1,1,black,male
822212,Gauteng,47,Adult,1,1,white,male
822215,Gauteng,31,Youth,1,1,black,male
822249,Western Cape,29,Youth,1,1,coloured,male
822250,Western Cape,31,Youth,1,1,coloured,male
822256,Kwazulu Natal,10,Kids,1,1,black,male
822258,Kwazulu Natal,35,Youth,1,1,coloured,male
822265,Gauteng,36,Adult,1,1,indian_asian,male
822267,Gauteng,42,Adult,1,1,black,male
822277,Gauteng,50,Adult,1,1,black,male
822289,Gauteng,40,Adult,1,1,black,male
822319,Gauteng,64,Elder,1,1,black,female
822328,Kwazulu Natal,33,Youth,1,1,black,male
822334,Gauteng,22,Youth,1,1,indian_asian,male
822342,Western Cape,22,Youth,1,1,indian_asian,male
822343,Gauteng,41,Adult,1,1,,male
822358,Gauteng,29,Youth,1,1,indian_asian,male
822361,Gauteng,36,Adult,1,1,black,male
822366,Mpumalanga,40,Adult,1,1,black,female
822368,Mpumalanga,44,Adult,1,1,white,male
822372,Eastern Cape,36,Adult,1,1,black,male
822373,North West,27,Youth,1,1,black,male
822376,Western Cape,38,Adult,1,1,coloured,male
822377,Western Cape,37,Adult,1,1,coloured,male
822382,Gauteng,35,Youth,1,1,black,male
822395,Gauteng,28,Youth,1,1,white,male
822409,Gauteng,44,Adult,1,1,white,male
822416,Gauteng,51,Elder,1,1,indian_asian,male
822420,Western Cape,27,Youth,1,1,coloured,male
822429,Gauteng,9,Kids,1,1,black,male
822432,Kwazulu Natal,20,Youth,1,1,,male
822436,Gauteng,29,Youth,1,1,,male
822441,Free State,38,Adult,1,1,black,female
822450,Gauteng,32,Youth,1,1,white,male
822455,Western Cape,35,Youth,1,1,,male
822457,Gauteng,30,Youth,1,1,,male
822459,Gauteng,21,Youth,1,1,white,male
822460,Gauteng,44,Adult,1,1,white,male
822466,Western Cape,58,Elder,1,1,,male
822467,Free State,46,Adult,1,1,indian_asian,male
822472,Western Cape,40,Adult,1,1,coloured,male
822477,Gauteng,45,Adult,1,1,indian_asian,male
822497,Western Cape,35,Youth,1,1,coloured,male
822502,Western Cape,32,Youth,1,1,white,male
822505,Western Cape,45,Adult,1,1,coloured,male
822507,Uncategorized,0,Infants,1,1,,
822511,Western Cape,28,Youth,1,1,black,male
822513,Gauteng,45,Adult,1,1,black,male
822526,Eastern Cape,37,Adult,1,1,coloured,male
822534,Western Cape,38,Adult,1,1,,male
822538,Western Cape,37,Adult,1,1,indian_asian,male
822539,Gauteng,23,Youth,1,1,black,male
822542,Gauteng,21,Youth,1,1,black,male
822555,North West,33,Youth,1,1,white,male
822557,Limpopo,27,Youth,1,1,black,male
822560,Eastern Cape,23,Youth,1,1,white,male
830836,Free State,21,Youth,1,1,,male
830884,Gauteng,50,Adult,1,1,white,male
830921,Eastern Cape,22,Youth,1,1,white,male
830923,Western Cape,31,Youth,1,1,coloured,male
830954,Uncategorized,0,Infants,1,1,,
830980,Kwazulu Natal,42,Adult,1,1,indian_asian,male
831030,Western Cape,26,Youth,1,1,coloured,male
831031,Uncategorized,0,Infants,1,1,,
831111,Kwazulu Natal,35,Youth,1,1,indian_asian,male
831117,Mpumalanga,20,Youth,1,1,black,male
831147,Gauteng,27,Youth,1,1,,male
831150,Western Cape,39,Adult,1,1,,male
831231,Mpumalanga,33,Youth,1,1,black,male
831250,Limpopo,33,Youth,1,1,indian_asian,male
831314,North West,19,Teenager,1,1,black,male
831349,Free State,32,Youth,1,1,black,male
831413,North West,25,Youth,1,1,black,male
831446,Gauteng,22,Youth,1,1,white,male
831500,Kwazulu Natal,40,Adult,1,1,black,male
831510,Kwazulu Natal,40,Adult,1,1,indian_asian,male
831514,Gauteng,29,Youth,1,1,black,male
831515,Limpopo,37,Adult,1,1,white,male
831559,Gauteng,34,Youth,1,1,,male
831563,Gauteng,23,Youth,1,1,indian_asian,female
831588,Gauteng,18,Teenager,1,1,white,male
831604,Western Cape,36,Adult,1,1,,male
831650,Western Cape,51,Elder,1,1,coloured,male
831654,Gauteng,47,Adult,1,1,,male
831660,Gauteng,39,Adult,1,1,white,male
831670,Gauteng,39,Adult,1,1,white,male
831679,Gauteng,27,Youth,1,1,coloured,male
831683,Kwazulu Natal,36,Adult,1,1,indian_asian,male
831694,Limpopo,25,Youth,1,1,,male
831713,North West,26,Youth,1,1,black,female
831720,Western Cape,29,Youth,1,1,coloured,male
831721,Limpopo,22,Youth,1,1,black,male
831728,Eastern Cape,35,Youth,1,1,black,female
831732,Gauteng,22,Youth,1,1,coloured,male
831755,Gauteng,30,Youth,1,1,black,male
831766,Gauteng,29,Youth,1,1,black,male
831775,Eastern Cape,34,Youth,1,1,coloured,male
831788,Western Cape,46,Adult,1,1,coloured,male
831789,Western Cape,28,Youth,1,1,coloured,male
831810,Kwazulu Natal,24,Youth,1,1,indian_asian,male
831815,Kwazulu Natal,36,Adult,1,1,indian_asian,male
831820,Kwazulu Natal,27,Youth,1,1,coloured,male
831826,Eastern Cape,31,Youth,1,1,indian_asian,male
831878,Mpumalanga,24,Youth,1,1,black,male
831888,Western Cape,26,Youth,1,1,coloured,male
831909,Gauteng,24,Youth,1,1,black,male
831913,Kwazulu Natal,30,Youth,1,1,black,female
831939,Limpopo,24,Youth,1,1,indian_asian,male
831969,Western Cape,33,Youth,1,1,coloured,female
832005,Mpumalanga,43,Adult,1,1,white,male
832021,Gauteng,32,Youth,1,1,black,female
832036,Mpumalanga,46,Adult,1,1,black,male
832040,Eastern Cape,41,Adult,1,1,,female
832080,Western Cape,40,Adult,1,1,white,male
832090,Kwazulu Natal,27,Youth,1,1,indian_asian,male
832127,Western Cape,40,Adult,1,1,coloured,male
832147,Mpumalanga,40,Adult,1,1,black,male
832217,Limpopo,42,Adult,1,1,black,male
832218,Western Cape,39,Adult,1,1,coloured,male
832225,Mpumalanga,28,Youth,1,1,black,female
832272,Gauteng,41,Adult,1,1,white,male
832298,Gauteng,26,Youth,1,1,indian_asian,male
832310,Kwazulu Natal,37,Adult,1,1,indian_asian,male
832320,Gauteng,32,Youth,1,1,black,female
832337,Mpumalanga,28,Youth,1,1,black,male
832400,Mpumalanga,30,Youth,1,1,black,male
832404,Gauteng,32,Youth,1,1,black,male
832405,Gauteng,28,Youth,1,1,,female
832412,Eastern Cape,44,Adult,1,1,black,male
832433,Mpumalanga,29,Youth,1,1,black,male
832483,Eastern Cape,56,Elder,1,1,white,male
832488,Gauteng,36,Adult,1,1,black,male
832495,Limpopo,27,Youth,1,1,indian_asian,male
832504,Gauteng,25,Youth,1,1,white,male
832509,North West,40,Adult,1,1,black,male
832512,Gauteng,37,Adult,1,1,black,male
832520,Western Cape,28,Youth,1,1,coloured,male
832560,Gauteng,32,Youth,1,1,black,male
832573,Eastern Cape,20,Youth,1,1,white,male
832577,Mpumalanga,27,Youth,1,1,black,male
832596,Eastern Cape,25,Youth,1,1,coloured,male
832609,Mpumalanga,22,Youth,1,1,black,male
832622,Eastern Cape,22,Youth,1,1,,male
832627,Mpumalanga,26,Youth,1,1,black,female
832641,Western Cape,30,Youth,1,1,black,male
832676,Gauteng,26,Youth,1,1,white,male
832678,Free State,33,Youth,1,1,black,male
832685,Kwazulu Natal,25,Youth,1,1,black,male
832719,Limpopo,28,Youth,1,1,indian_asian,male
832727,Western Cape,30,Youth,1,1,,male
832729,Free State,29,Youth,1,1,black,male
832745,Gauteng,37,Adult,1,1,black,male
832751,Kwazulu Natal,22,Youth,1,1,indian_asian,male
832763,Gauteng,19,Teenager,1,1,white,male
832831,Limpopo,26,Youth,1,1,black,male
832832,Eastern Cape,45,Adult,1,1,white,male
832844,Gauteng,22,Youth,1,1,,female
832862,Gauteng,33,Youth,1,1,black,male
832876,Gauteng,38,Adult,1,1,indian_asian,male
832939,Gauteng,49,Adult,1,1,indian_asian,male
832976,Gauteng,50,Adult,1,1,indian_asian,male
833001,Limpopo,25,Youth,1,1,coloured,male
833014,Mpumalanga,33,Youth,1,1,,male
833017,Gauteng,32,Youth,1,1,white,male
833022,Western Cape,23,Youth,1,1,coloured,male
833036,Limpopo,34,Youth,1,1,indian_asian,male
833059,Mpumalanga,33,Youth,1,1,,male
833106,Free State,24,Youth,1,1,white,male
833128,Gauteng,30,Youth,1,1,black,male
833157,Gauteng,30,Youth,1,1,black,male
833161,Western Cape,32,Youth,1,1,coloured,male
833185,Free State,31,Youth,1,1,white,female
833191,Gauteng,33,Youth,1,1,black,male
833204,Western Cape,22,Youth,1,1,,male
833215,Western Cape,45,Adult,1,1,,male
833221,Northern Cape,33,Youth,1,1,black,male
833222,Limpopo,25,Youth,1,1,black,male
833248,Gauteng,22,Youth,1,1,coloured,male
833257,Kwazulu Natal,30,Youth,1,1,indian_asian,male
833277,Gauteng,27,Youth,1,1,indian_asian,male
833279,Kwazulu Natal,36,Adult,1,1,indian_asian,male
833280,Western Cape,27,Youth,1,1,coloured,male
833313,Gauteng,24,Youth,1,1,,male
833324,Gauteng,28,Youth,1,1,white,male
833364,Kwazulu Natal,19,Teenager,1,1,indian_asian,male
833399,Gauteng,32,Youth,1,1,white,male
833401,Western Cape,21,Youth,1,1,white,male
833412,Kwazulu Natal,27,Youth,1,1,indian_asian,male
833436,Western Cape,29,Youth,1,1,white,male
833457,Western Cape,37,Adult,1,1,,male
833468,Gauteng,28,Youth,1,1,white,male
833471,Gauteng,27,Youth,1,1,,female
833479,Mpumalanga,32,Youth,1,1,white,male
833489,Kwazulu Natal,35,Youth,1,1,black,male
833493,Limpopo,28,Youth,1,1,black,male
833495,Western Cape,34,Youth,1,1,coloured,male
833513,Kwazulu Natal,44,Adult,1,1,coloured,male
833519,Gauteng,26,Youth,1,1,black,female
833521,North West,33,Youth,1,1,black,male
833528,Gauteng,42,Adult,1,1,black,male
833542,Gauteng,49,Adult,1,1,indian_asian,male
833543,Gauteng,24,Youth,1,1,indian_asian,male
833563,Gauteng,28,Youth,1,1,coloured,male
833571,Eastern Cape,25,Youth,1,1,white,male
833575,Western Cape,43,Adult,1,1,coloured,male
833576,Kwazulu Natal,37,Adult,1,1,black,male
833584,Gauteng,28,Youth,1,1,black,male
833597,Gauteng,40,Adult,1,1,black,male
833600,Gauteng,40,Adult,1,1,black,male
833663,Western Cape,25,Youth,1,1,,male
833668,Mpumalanga,43,Adult,1,1,white,male
833673,Gauteng,56,Elder,1,1,white,male
833692,Gauteng,39,Adult,1,1,black,male
833730,Free State,40,Adult,1,1,black,male
833758,Gauteng,29,Youth,1,1,white,male
833760,Kwazulu Natal,27,Youth,1,1,black,male
833766,Gauteng,44,Adult,1,1,black,male
833923,Uncategorized,0,Infants,1,1,,
834552,Gauteng,34,Youth,1,1,indian_asian,male
837551,North West,45,Adult,1,1,white,male
838032,Western Cape,46,Adult,1,1,coloured,male
838042,Gauteng,56,Elder,1,1,,male
838054,Kwazulu Natal,34,Youth,1,1,black,male
838697,Gauteng,29,Youth,1,1,black,male
838932,Gauteng,37,Adult,1,1,white,male
839488,North West,37,Adult,1,1,,male
839930,Kwazulu Natal,22,Youth,1,1,,male
839938,Eastern Cape,30,Youth,1,1,coloured,female
840081,Gauteng,26,Youth,1,1,black,male
840235,Gauteng,42,Adult,1,1,black,male
840343,Limpopo,36,Adult,1,1,white,male
840878,Mpumalanga,17,Teenager,1,1,black,male
841064,Limpopo,30,Youth,1,1,indian_asian,male
841097,Western Cape,30,Youth,1,1,white,male
841197,Mpumalanga,47,Adult,1,1,,male
841890,Gauteng,30,Youth,1,1,black,male
841929,Limpopo,48,Adult,1,1,white,male
844125,Gauteng,27,Youth,1,1,white,female
845245,Gauteng,26,Youth,1,1,,male
850050,Uncategorized,0,Infants,1,1,,
850538,Gauteng,33,Youth,1,1,black,male
850656,Mpumalanga,26,Youth,1,1,black,male
850779,Gauteng,31,Youth,1,1,coloured,male
850897,Western Cape,29,Youth,1,1,black,female
850900,Gauteng,29,Youth,1,1,black,female
850903,Gauteng,35,Youth,1,1,black,male
851066,Gauteng,36,Adult,1,1,white,male
851227,Gauteng,32,Youth,1,1,black,male
851273,Kwazulu Natal,39,Adult,1,1,black,male
851334,Free State,49,Adult,1,1,white,male
851376,Eastern Cape,19,Teenager,1,1,white,male
851410,Kwazulu Natal,27,Youth,1,1,indian_asian,female
851478,Limpopo,39,Adult,1,1,indian_asian,male
851705,Eastern Cape,40,Adult,1,1,black,male
851706,Limpopo,31,Youth,1,1,indian_asian,male
851871,Free State,25,Youth,1,1,black,male
851942,Gauteng,29,Youth,1,1,black,male
852000,Gauteng,25,Youth,1,1,white,male
852161,Gauteng,32,Youth,1,1,indian_asian,male
852179,Gauteng,26,Youth,1,1,black,male
852384,Gauteng,18,Teenager,1,1,white,male
852419,Kwazulu Natal,28,Youth,1,1,,female
852420,Kwazulu Natal,39,Adult,1,1,black,male
852495,Western Cape,27,Youth,1,1,coloured,male
852610,Kwazulu Natal,26,Youth,1,1,indian_asian,male
852611,Gauteng,20,Youth,1,1,white,male
852644,Gauteng,30,Youth,1,1,white,male
852672,Mpumalanga,45,Adult,1,1,black,male
852681,Free State,29,Youth,1,1,white,male
852815,Gauteng,38,Adult,1,1,indian_asian,male
853573,Gauteng,40,Adult,1,1,,male
855864,Kwazulu Natal,26,Youth,1,1,coloured,female
856641,Gauteng,43,Adult,1,1,coloured,male
858517,Uncategorized,0,Infants,1,1,,
858707,Gauteng,20,Youth,1,1,white,male
858866,Uncategorized,0,Infants,1,1,,
858881,Mpumalanga,19,Teenager,1,1,black,male
858939,Uncategorized,0,Infants,1,1,,
859157,Mpumalanga,29,Youth,1,1,indian_asian,male
859174,Northern Cape,28,Youth,1,1,white,male
859212,Eastern Cape,35,Youth,1,1,white,male
859311,Kwazulu Natal,21,Youth,1,1,indian_asian,male
859379,Gauteng,20,Youth,1,1,coloured,male
859389,Mpumalanga,42,Adult,1,1,white,male
859416,Western Cape,25,Youth,1,1,coloured,male
859431,Western Cape,42,Adult,1,1,black,male
859438,Western Cape,26,Youth,1,1,coloured,male
859460,Western Cape,55,Elder,1,1,white,male
859548,Western Cape,32,Youth,1,1,,female
859641,Kwazulu Natal,37,Adult,1,1,indian_asian,male
859790,Western Cape,33,Youth,1,1,white,male
859872,Gauteng,39,Adult,1,1,indian_asian,male
859941,Gauteng,52,Elder,1,1,black,male
859951,Gauteng,26,Youth,1,1,black,male
860018,Eastern Cape,43,Adult,1,1,indian_asian,male
860020,Gauteng,35,Youth,1,1,black,male
860028,Eastern Cape,38,Adult,1,1,white,male
860029,Gauteng,36,Adult,1,1,indian_asian,male
860044,Limpopo,37,Adult,1,1,indian_asian,male
860058,Mpumalanga,30,Youth,1,1,indian_asian,male
860111,Mpumalanga,29,Youth,1,1,indian_asian,male
860115,Gauteng,25,Youth,1,1,black,male
860128,Northern Cape,35,Youth,1,1,indian_asian,male
860147,Western Cape,37,Adult,1,1,coloured,male
860188,Western Cape,39,Adult,1,1,coloured,male
860206,Northern Cape,26,Youth,1,1,coloured,male
860213,Eastern Cape,18,Teenager,1,1,coloured,male
860230,Eastern Cape,31,Youth,1,1,white,male
860451,Western Cape,112,Pensioner,1,1,,male
860469,Gauteng,21,Youth,1,1,black,male
860506,Eastern Cape,30,Youth,1,1,coloured,male
860572,Kwazulu Natal,39,Adult,1,1,white,male
860648,Western Cape,30,Youth,1,1,coloured,male
860670,Free State,19,Teenager,1,1,black,male
860672,North West,26,Youth,1,1,white,male
860784,Eastern Cape,33,Youth,1,1,white,male
860786,Eastern Cape,63,Elder,1,1,black,male
860800,Gauteng,21,Youth,1,1,white,male
860858,Limpopo,34,Youth,1,1,black,male
861119,Gauteng,50,Adult,1,1,white,female
861202,Gauteng,62,Elder,1,1,white,male
861217,Kwazulu Natal,47,Adult,1,1,,female
861227,Western Cape,31,Youth,1,1,white,male
861235,Western Cape,18,Teenager,1,1,coloured,male
861249,Western Cape,34,Youth,1,1,,male
861276,Eastern Cape,35,Youth,1,1,black,male
861287,Western Cape,40,Adult,1,1,coloured,male
861336,Mpumalanga,31,Youth,1,1,white,male
861451,Gauteng,55,Elder,1,1,,male
861539,Gauteng,58,Elder,1,1,indian_asian,male
861568,Gauteng,30,Youth,1,1,white,male
861585,Gauteng,33,Youth,1,1,black,male
861590,Gauteng,45,Adult,1,1,white,male
861612,Gauteng,114,Pensioner,1,1,,male
861637,Western Cape,37,Adult,1,1,black,male
865372,Kwazulu Natal,29,Youth,1,1,coloured,female
865408,North West,37,Adult,1,1,black,male
865413,Mpumalanga,35,Youth,1,1,,male
865440,Gauteng,31,Youth,1,1,indian_asian,male
865452,Uncategorized,0,Infants,1,1,,
865482,Gauteng,22,Youth,1,1,black,male
865485,Gauteng,29,Youth,1,1,black,male
865604,Eastern Cape,41,Adult,1,1,black,male
865745,Kwazulu Natal,35,Youth,1,1,indian_asian,male
865768,Gauteng,49,Adult,1,1,white,male
865774,Gauteng,30,Youth,1,1,indian_asian,male
865955,Western Cape,26,Youth,1,1,white,male
865962,Eastern Cape,24,Youth,1,1,coloured,male
866122,Mpumalanga,33,Youth,1,1,black,male
866125,Gauteng,30,Youth,1,1,indian_asian,male
866131,Western Cape,44,Adult,1,1,black,male
866192,Uncategorized,0,Infants,1,1,,
866195,Eastern Cape,32,Youth,1,1,white,male
866197,Kwazulu Natal,10,Kids,1,1,coloured,female
866202,Gauteng,24,Youth,1,1,indian_asian,male
866205,Gauteng,36,Adult,1,1,indian_asian,male
866215,Kwazulu Natal,22,Youth,1,1,black,male
866231,Western Cape,35,Youth,1,1,coloured,male
866244,Western Cape,26,Youth,1,1,black,male
866251,Gauteng,30,Youth,1,1,black,male
866255,North West,24,Youth,1,1,white,male
866270,Gauteng,32,Youth,1,1,indian_asian,male
866295,Gauteng,43,Adult,1,1,,male
866302,Western Cape,45,Adult,1,1,coloured,male
866310,Gauteng,35,Youth,1,1,black,male
866315,Gauteng,35,Youth,1,1,black,male
866335,Gauteng,32,Youth,1,1,black,male
866344,Western Cape,42,Adult,1,1,indian_asian,male
866345,Kwazulu Natal,18,Teenager,1,1,black,male
866372,Western Cape,22,Youth,1,1,,male
866377,Gauteng,25,Youth,1,1,black,male
866380,Mpumalanga,38,Adult,1,1,black,male
866381,Mpumalanga,39,Adult,1,1,,female
866389,Gauteng,15,Teenager,1,1,black,male
866393,Gauteng,19,Teenager,1,1,black,male
866394,Gauteng,29,Youth,1,1,black,male
866405,Gauteng,34,Youth,1,1,white,male
866417,North West,31,Youth,1,1,black,female
866427,Gauteng,25,Youth,1,1,black,male
866478,Western Cape,31,Youth,1,1,white,male
866512,Gauteng,31,Youth,1,1,white,male
866524,Gauteng,45,Adult,1,1,black,male
866527,Free State,26,Youth,1,1,,female
866540,Western Cape,33,Youth,1,1,coloured,male
866564,Gauteng,30,Youth,1,1,indian_asian,male
866577,Gauteng,33,Youth,1,1,white,male
866582,Free State,39,Adult,1,1,black,male
866592,Gauteng,28,Youth,1,1,indian_asian,male
866623,Western Cape,40,Adult,1,1,,male
866624,Free State,19,Teenager,1,1,white,male
866626,Free State,26,Youth,1,1,black,male
866643,Mpumalanga,22,Youth,1,1,black,male
866660,North West,20,Youth,1,1,black,male
866691,Gauteng,40,Adult,1,1,coloured,male
866711,Gauteng,24,Youth,1,1,indian_asian,male
866733,Western Cape,38,Adult,1,1,black,male
866746,Mpumalanga,27,Youth,1,1,black,male
866781,Gauteng,26,Youth,1,1,white,male
866785,Limpopo,35,Youth,1,1,indian_asian,male
866798,Kwazulu Natal,31,Youth,1,1,coloured,male
866809,Gauteng,29,Youth,1,1,black,male
866828,Mpumalanga,43,Adult,1,1,coloured,male
866836,Gauteng,42,Adult,1,1,indian_asian,male
866847,Gauteng,19,Teenager,1,1,,male
866862,Northern Cape,43,Adult,1,1,,male
866864,Gauteng,29,Youth,1,1,indian_asian,male
866878,Eastern Cape,36,Adult,1,1,white,male
866880,Gauteng,9,Kids,1,1,indian_asian,male
866885,Gauteng,27,Youth,1,1,black,male
866891,Kwazulu Natal,37,Adult,1,1,indian_asian,male
866893,Gauteng,36,Adult,1,1,coloured,male
866901,Gauteng,39,Adult,1,1,white,male
866908,Gauteng,27,Youth,1,1,coloured,male
866912,Gauteng,28,Youth,1,1,coloured,male
866922,Western Cape,22,Youth,1,1,coloured,male
866941,Kwazulu Natal,29,Youth,1,1,black,male
866949,Kwazulu Natal,36,Adult,1,1,,male
866983,Free State,23,Youth,1,1,indian_asian,male
867016,Kwazulu Natal,30,Youth,1,1,black,male
867034,Gauteng,26,Youth,1,1,,male
867044,Gauteng,36,Adult,1,1,white,male
867055,Western Cape,37,Adult,1,1,black,male
867058,Limpopo,18,Teenager,1,1,black,male
867080,Gauteng,18,Teenager,1,1,white,male
867086,Free State,29,Youth,1,1,black,female
867091,Gauteng,30,Youth,1,1,black,female
867105,North West,34,Youth,1,1,black,male
867111,Western Cape,47,Adult,1,1,white,male
867137,Gauteng,29,Youth,1,1,black,male
867138,Gauteng,32,Youth,1,1,black,male
867193,Gauteng,42,Adult,1,1,black,male
867197,Limpopo,32,Youth,1,1,indian_asian,male
867210,Western Cape,44,Adult,1,1,white,male
867215,Limpopo,38,Adult,1,1,indian_asian,male
867216,Eastern Cape,29,Youth,1,1,coloured,male
867230,Gauteng,36,Adult,1,1,black,male
867234,Western Cape,25,Youth,1,1,coloured,male
867238,Gauteng,17,Teenager,1,1,,male
867252,Gauteng,22,Youth,1,1,indian_asian,male
867257,Limpopo,34,Youth,1,1,black,male
867261,Gauteng,31,Youth,1,1,black,female
867283,Limpopo,28,Youth,1,1,indian_asian,male
867310,Northern Cape,24,Youth,1,1,coloured,male
867333,Limpopo,23,Youth,1,1,indian_asian,male
867337,Uncategorized,0,Infants,1,1,,
867338,Gauteng,23,Youth,1,1,black,male
867340,Gauteng,27,Youth,1,1,black,male
867349,Kwazulu Natal,23,Youth,1,1,coloured,male
867351,Limpopo,26,Youth,1,1,black,male
867373,Western Cape,24,Youth,1,1,coloured,female
867375,North West,27,Youth,1,1,black,male
867378,Mpumalanga,41,Adult,1,1,white,male
867380,Gauteng,26,Youth,1,1,indian_asian,male
867397,Gauteng,25,Youth,1,1,indian_asian,male
867403,Western Cape,43,Adult,1,1,white,male
867404,Gauteng,37,Adult,1,1,indian_asian,male
867414,Mpumalanga,32,Youth,1,1,white,male
867419,Free State,34,Youth,1,1,white,female
867451,Gauteng,36,Adult,1,1,,male
867457,Gauteng,28,Youth,1,1,indian_asian,male
867459,Gauteng,19,Teenager,1,1,white,male
867486,Limpopo,39,Adult,1,1,black,female
867497,North West,26,Youth,1,1,white,male
867498,Gauteng,26,Youth,1,1,white,male
867504,Kwazulu Natal,48,Adult,1,1,indian_asian,female
867506,Gauteng,35,Youth,1,1,black,male
867555,Western Cape,38,Adult,1,1,,male
867564,Kwazulu Natal,30,Youth,1,1,,male
867572,Limpopo,38,Adult,1,1,black,male
867604,Limpopo,32,Youth,1,1,indian_asian,male
867613,Kwazulu Natal,48,Adult,1,1,indian_asian,male
867616,Gauteng,31,Youth,1,1,black,male
867624,Gauteng,32,Youth,1,1,indian_asian,male
867642,Gauteng,21,Youth,1,1,coloured,male
867658,Gauteng,28,Youth,1,1,indian_asian,male
867693,Uncategorized,0,Infants,1,1,,
867703,Gauteng,21,Youth,1,1,coloured,male
867704,Free State,49,Adult,1,1,black,male
867718,Gauteng,38,Adult,1,1,black,male
867736,Gauteng,15,Teenager,1,1,coloured,male
867784,Gauteng,36,Adult,1,1,,female
867790,Western Cape,18,Teenager,1,1,white,male
867791,Gauteng,35,Youth,1,1,indian_asian,male
867809,Mpumalanga,24,Youth,1,1,white,male
867856,Limpopo,30,Youth,1,1,black,male
867870,Gauteng,48,Adult,1,1,white,male
867890,Mpumalanga,36,Adult,1,1,indian_asian,male
867895,Gauteng,31,Youth,1,1,black,female
867915,Gauteng,46,Adult,1,1,black,male
867952,Free State,48,Adult,1,1,white,male
867955,Northern Cape,44,Adult,1,1,coloured,male
867958,Northern Cape,22,Youth,1,1,white,male
867973,Western Cape,39,Adult,1,1,black,male
867981,Western Cape,36,Adult,1,1,coloured,male
867990,Mpumalanga,22,Youth,1,1,black,male
867994,Western Cape,26,Youth,1,1,coloured,male
867998,Limpopo,42,Adult,1,1,,male
868007,Gauteng,38,Adult,1,1,,male
868024,Gauteng,27,Youth,1,1,black,male
868038,Gauteng,40,Adult,1,1,white,male
868043,Gauteng,19,Teenager,1,1,white,male
868055,Gauteng,39,Adult,1,1,white,male
868056,Gauteng,39,Adult,1,1,indian_asian,male
868069,Eastern Cape,33,Youth,1,1,,male
868093,Western Cape,34,Youth,1,1,,male
868096,Gauteng,27,Youth,1,1,,male
868097,Gauteng,36,Adult,1,1,white,male
868113,Western Cape,35,Youth,1,1,coloured,male
868136,Western Cape,35,Youth,1,1,,male
868137,Gauteng,23,Youth,1,1,black,male
868144,Gauteng,40,Adult,1,1,black,male
868317,Uncategorized,0,Infants,1,1,,
868484,Free State,19,Teenager,1,1,white,female
868524,Uncategorized,36,Adult,1,1,,
868572,Gauteng,28,Youth,1,1,black,male
868613,Gauteng,21,Youth,1,1,black,male
868844,North West,35,Youth,1,1,black,male
868888,Gauteng,21,Youth,1,1,indian_asian,male
868892,Gauteng,20,Youth,1,1,black,male
868895,Western Cape,23,Youth,1,1,coloured,male
868925,Gauteng,28,Youth,1,1,indian_asian,male
868961,Gauteng,35,Youth,1,1,black,male
868982,Gauteng,23,Youth,1,1,black,male
868986,Limpopo,38,Adult,1,1,white,male
869019,Gauteng,42,Adult,1,1,white,male
869060,Mpumalanga,33,Youth,1,1,black,female
869062,Eastern Cape,32,Youth,1,1,white,male
869239,Gauteng,34,Youth,1,1,,female
869282,Gauteng,25,Youth,1,1,black,male
869301,Eastern Cape,40,Adult,1,1,coloured,female
869328,Gauteng,42,Adult,1,1,indian_asian,female
869356,Uncategorized,0,Infants,1,1,,
869372,Gauteng,25,Youth,1,1,black,male
869391,Gauteng,30,Youth,1,1,indian_asian,female
869425,Gauteng,32,Youth,1,1,indian_asian,male
869588,Western Cape,27,Youth,1,1,coloured,female
869632,Gauteng,28,Youth,1,1,black,male
869662,Gauteng,21,Youth,1,1,white,male
869798,Gauteng,36,Adult,1,1,,male
869812,Gauteng,26,Youth,1,1,black,male
869867,Gauteng,19,Teenager,1,1,white,male
869889,Limpopo,35,Youth,1,1,black,male
869901,Limpopo,29,Youth,1,1,indian_asian,male
869936,Eastern Cape,23,Youth,1,1,black,male
869944,Western Cape,43,Adult,1,1,coloured,male
870004,Gauteng,38,Adult,1,1,black,male
870025,Gauteng,25,Youth,1,1,indian_asian,male
870098,Kwazulu Natal,31,Youth,1,1,white,male
870104,Gauteng,26,Youth,1,1,indian_asian,male
870157,Gauteng,30,Youth,1,1,indian_asian,male
870195,Gauteng,37,Adult,1,1,white,male
870217,Western Cape,16,Teenager,1,1,coloured,male
870287,Gauteng,22,Youth,1,1,black,male
870332,Limpopo,24,Youth,1,1,,male
870480,North West,38,Adult,1,1,,male
870488,Western Cape,18,Teenager,1,1,coloured,male
870626,Mpumalanga,27,Youth,1,1,white,male
870631,Gauteng,36,Adult,1,1,black,male
870677,Gauteng,27,Youth,1,1,white,male
870696,Eastern Cape,33,Youth,1,1,,male
870699,Kwazulu Natal,31,Youth,1,1,black,male
870709,Eastern Cape,36,Adult,1,1,,male
870746,Gauteng,45,Adult,1,1,white,male
871104,Uncategorized,0,Infants,1,1,,
871615,Gauteng,51,Elder,1,1,white,male
873445,Gauteng,24,Youth,1,1,white,male
874437,Gauteng,32,Youth,1,1,black,male
877249,Gauteng,20,Youth,1,1,white,male
879414,Western Cape,30,Youth,1,1,coloured,male
879787,Uncategorized,0,Infants,1,1,,
879801,Limpopo,22,Youth,1,1,,male
879990,Limpopo,35,Youth,1,1,indian_asian,male
880213,Gauteng,33,Youth,1,1,indian_asian,male
880234,Western Cape,31,Youth,1,1,coloured,male
880319,Uncategorized,0,Infants,1,1,,
880514,Gauteng,26,Youth,1,1,indian_asian,male
880855,Western Cape,35,Youth,1,1,coloured,male
880898,Limpopo,59,Elder,1,1,indian_asian,male
880965,Eastern Cape,32,Youth,1,1,black,male
881027,Mpumalanga,25,Youth,1,1,white,male
881041,Gauteng,30,Youth,1,1,white,male
881496,Kwazulu Natal,42,Adult,1,1,indian_asian,male
881538,Kwazulu Natal,20,Youth,1,1,indian_asian,male
881565,Kwazulu Natal,41,Adult,1,1,black,male
881777,Uncategorized,0,Infants,1,1,,
881861,Gauteng,44,Adult,1,1,white,male
882068,Western Cape,33,Youth,1,1,coloured,male
882169,Western Cape,22,Youth,1,1,coloured,male
882188,Gauteng,37,Adult,1,1,white,female
882193,Gauteng,33,Youth,1,1,indian_asian,female
882376,Gauteng,54,Elder,1,1,white,male
882400,Gauteng,24,Youth,1,1,white,male
882520,Mpumalanga,40,Adult,1,1,black,male
882584,Gauteng,30,Youth,1,1,indian_asian,male
882688,Limpopo,36,Adult,1,1,indian_asian,male
882721,Eastern Cape,26,Youth,1,1,coloured,male
882998,Kwazulu Natal,17,Teenager,1,1,white,male
883021,Gauteng,33,Youth,1,1,indian_asian,male
883186,Western Cape,45,Adult,1,1,black,male
883295,Gauteng,43,Adult,1,1,black,female
884342,Western Cape,38,Adult,1,1,white,female
884879,Kwazulu Natal,25,Youth,1,1,indian_asian,male
885392,Gauteng,35,Youth,1,1,,female
885837,Kwazulu Natal,30,Youth,1,1,indian_asian,male
886109,Eastern Cape,31,Youth,1,1,indian_asian,male
886671,Gauteng,37,Adult,1,1,indian_asian,male
886685,Gauteng,34,Youth,1,1,indian_asian,male
886721,Gauteng,30,Youth,1,1,indian_asian,male
886722,Gauteng,38,Adult,1,1,indian_asian,male
886770,Uncategorized,0,Infants,1,1,,
891747,Gauteng,46,Adult,1,1,coloured,male
891865,North West,36,Adult,1,1,indian_asian,male
891877,Gauteng,30,Youth,1,1,indian_asian,male
891969,Gauteng,33,Youth,1,1,indian_asian,male
892055,Gauteng,31,Youth,1,1,indian_asian,male
892057,Uncategorized,0,Infants,1,1,,
892112,Western Cape,35,Youth,1,1,indian_asian,male
892133,Western Cape,31,Youth,1,1,black,male
892138,Mpumalanga,35,Youth,1,1,black,male
892147,Uncategorized,0,Infants,1,1,,
892168,Western Cape,29,Youth,1,1,coloured,male
892173,Gauteng,25,Youth,1,1,indian_asian,male
892225,Western Cape,36,Adult,1,1,,male
892297,Kwazulu Natal,29,Youth,1,1,indian_asian,male
892344,Limpopo,17,Teenager,1,1,white,female
892453,Gauteng,34,Youth,1,1,indian_asian,male
892461,Kwazulu Natal,30,Youth,1,1,indian_asian,male
892465,Gauteng,36,Adult,1,1,black,male
892515,Western Cape,34,Youth,1,1,white,male
892523,Limpopo,29,Youth,1,1,coloured,male
892532,Gauteng,38,Adult,1,1,white,male
892554,Western Cape,31,Youth,1,1,coloured,male
892557,Gauteng,20,Youth,1,1,black,male
892558,Gauteng,29,Youth,1,1,black,female
892573,Mpumalanga,47,Adult,1,1,,male
892577,Mpumalanga,30,Youth,1,1,black,male
892587,Gauteng,32,Youth,1,1,indian_asian,male
892603,Eastern Cape,39,Adult,1,1,black,male
892643,Western Cape,28,Youth,1,1,coloured,male
892644,Gauteng,18,Teenager,1,1,black,male
892659,North West,45,Adult,1,1,black,male
892661,Eastern Cape,22,Youth,1,1,black,male
892687,Gauteng,38,Adult,1,1,indian_asian,male
892698,Western Cape,48,Adult,1,1,indian_asian,female
892702,Mpumalanga,26,Youth,1,1,black,male
892706,North West,23,Youth,1,1,black,male
892715,Gauteng,32,Youth,1,1,black,male
892729,Gauteng,32,Youth,1,1,black,female
892732,Gauteng,25,Youth,1,1,black,male
892747,Gauteng,44,Adult,1,1,black,male
892770,Mpumalanga,24,Youth,1,1,white,male
892783,Kwazulu Natal,34,Youth,1,1,indian_asian,female
892787,Gauteng,28,Youth,1,1,black,male
892807,Mpumalanga,28,Youth,1,1,indian_asian,male
892821,Gauteng,34,Youth,1,1,white,male
892826,Gauteng,28,Youth,1,1,black,male
892844,Gauteng,29,Youth,1,1,white,male
892856,Mpumalanga,44,Adult,1,1,black,male
892878,Kwazulu Natal,29,Youth,1,1,black,male
892880,Gauteng,21,Youth,1,1,black,female
892883,Western Cape,24,Youth,1,1,,male
892890,Kwazulu Natal,26,Youth,1,1,indian_asian,male
892903,Western Cape,31,Youth,1,1,coloured,male
892936,Northern Cape,32,Youth,1,1,black,male
892947,Mpumalanga,28,Youth,1,1,black,male
892954,Mpumalanga,35,Youth,1,1,black,male
892975,Kwazulu Natal,45,Adult,1,1,indian_asian,female
892979,Gauteng,48,Adult,1,1,black,male
893019,Kwazulu Natal,53,Elder,1,1,white,male
893020,Gauteng,22,Youth,1,1,black,male
893026,Gauteng,32,Youth,1,1,indian_asian,male
893029,Western Cape,43,Adult,1,1,,male
893042,Western Cape,32,Youth,1,1,coloured,male
893060,Eastern Cape,29,Youth,1,1,black,male
893061,Gauteng,28,Youth,1,1,black,male
893063,Gauteng,24,Youth,1,1,white,male
893076,Gauteng,31,Youth,1,1,white,male
893081,Limpopo,27,Youth,1,1,black,male
893094,Gauteng,33,Youth,1,1,coloured,female
893105,Western Cape,42,Adult,1,1,white,male
893107,Gauteng,24,Youth,1,1,white,male
893138,Western Cape,32,Youth,1,1,coloured,male
893168,Eastern Cape,20,Youth,1,1,coloured,male
893176,Gauteng,41,Adult,1,1,white,male
893183,Gauteng,32,Youth,1,1,indian_asian,male
893191,Western Cape,64,Elder,1,1,white,male
893201,Gauteng,35,Youth,1,1,white,male
893220,Gauteng,21,Youth,1,1,black,male
893227,Eastern Cape,27,Youth,1,1,black,male
893233,Northern Cape,26,Youth,1,1,coloured,male
893256,Gauteng,37,Adult,1,1,black,female
893279,Gauteng,41,Adult,1,1,coloured,male
893287,Limpopo,36,Adult,1,1,black,male
893304,Mpumalanga,24,Youth,1,1,indian_asian,male
893309,Western Cape,42,Adult,1,1,indian_asian,female
893325,Gauteng,34,Youth,1,1,indian_asian,male
893337,Gauteng,33,Youth,1,1,indian_asian,male
893341,Kwazulu Natal,9,Kids,1,1,white,male
893356,Eastern Cape,33,Youth,1,1,indian_asian,male
893373,Western Cape,24,Youth,1,1,black,male
893387,Gauteng,22,Youth,1,1,white,male
893388,Gauteng,34,Youth,1,1,indian_asian,male
893389,Kwazulu Natal,28,Youth,1,1,black,male
893392,Limpopo,28,Youth,1,1,indian_asian,male
893396,Gauteng,32,Youth,1,1,indian_asian,male
893432,Western Cape,35,Youth,1,1,white,male
893434,Limpopo,28,Youth,1,1,black,male
893436,Gauteng,32,Youth,1,1,indian_asian,male
893442,Gauteng,30,Youth,1,1,black,male
893445,Western Cape,33,Youth,1,1,coloured,male
893446,Western Cape,23,Youth,1,1,coloured,male
893450,Gauteng,33,Youth,1,1,black,male
893458,Gauteng,30,Youth,1,1,indian_asian,male
893464,Gauteng,38,Adult,1,1,white,female
893466,Western Cape,36,Adult,1,1,coloured,female
893475,North West,44,Adult,1,1,black,male
893476,Gauteng,29,Youth,1,1,indian_asian,male
893483,Limpopo,37,Adult,1,1,indian_asian,male
893492,Gauteng,31,Youth,1,1,indian_asian,male
893497,Eastern Cape,29,Youth,1,1,indian_asian,male
893501,Kwazulu Natal,30,Youth,1,1,indian_asian,male
893520,Eastern Cape,40,Adult,1,1,white,female
893536,Northern Cape,26,Youth,1,1,black,male
893557,Mpumalanga,27,Youth,1,1,indian_asian,male
893562,Gauteng,37,Adult,1,1,black,male
893565,Eastern Cape,25,Youth,1,1,black,male
893566,Western Cape,25,Youth,1,1,black,male
893568,Eastern Cape,23,Youth,1,1,black,female
893573,Western Cape,21,Youth,1,1,white,male
893585,Kwazulu Natal,28,Youth,1,1,white,female
893588,Western Cape,24,Youth,1,1,,male
893599,Gauteng,33,Youth,1,1,black,male
893615,Western Cape,26,Youth,1,1,coloured,male
893619,Western Cape,40,Adult,1,1,black,female
893635,Gauteng,27,Youth,1,1,white,male
893645,Mpumalanga,26,Youth,1,1,white,male
893649,Mpumalanga,40,Adult,1,1,black,male
893651,Kwazulu Natal,40,Adult,1,1,black,male
893657,Kwazulu Natal,52,Elder,1,1,white,male
893674,Gauteng,39,Adult,1,1,black,female
893681,Mpumalanga,24,Youth,1,1,black,male
893686,Free State,9,Kids,1,1,indian_asian,male
893694,North West,17,Teenager,1,1,indian_asian,male
893717,Limpopo,23,Youth,1,1,black,male
893730,Eastern Cape,25,Youth,1,1,black,male
893742,Gauteng,71,Pensioner,1,1,indian_asian,male
893745,Mpumalanga,39,Adult,1,1,indian_asian,male
893747,Kwazulu Natal,38,Adult,1,1,white,male
893771,Gauteng,39,Adult,1,1,indian_asian,male
893783,Kwazulu Natal,31,Youth,1,1,indian_asian,male
893789,Western Cape,28,Youth,1,1,coloured,male
893791,Western Cape,29,Youth,1,1,,male
893792,Mpumalanga,42,Adult,1,1,black,male
893794,North West,25,Youth,1,1,black,male
893801,Kwazulu Natal,40,Adult,1,1,indian_asian,male
893814,Western Cape,25,Youth,1,1,coloured,male
893819,Gauteng,26,Youth,1,1,indian_asian,male
893829,Mpumalanga,40,Adult,1,1,indian_asian,male
893832,Limpopo,24,Youth,1,1,black,male
893834,Limpopo,25,Youth,1,1,black,male
893852,Mpumalanga,33,Youth,1,1,black,female
893861,Mpumalanga,30,Youth,1,1,black,male
893873,North West,22,Youth,1,1,black,female
893882,Kwazulu Natal,33,Youth,1,1,indian_asian,male
893885,Gauteng,21,Youth,1,1,indian_asian,male
893902,Free State,38,Adult,1,1,black,male
893914,Mpumalanga,39,Adult,1,1,black,male
893916,Gauteng,68,Pensioner,1,1,,male
893932,North West,33,Youth,1,1,white,female
893948,Western Cape,22,Youth,1,1,white,male
893953,Western Cape,38,Adult,1,1,white,male
893957,Kwazulu Natal,35,Youth,1,1,indian_asian,male
893959,Kwazulu Natal,18,Teenager,1,1,indian_asian,male
893979,Free State,33,Youth,1,1,indian_asian,male
893981,Eastern Cape,41,Adult,1,1,black,male
893986,Kwazulu Natal,40,Adult,1,1,black,male
893992,Gauteng,32,Youth,1,1,,male
894009,Mpumalanga,23,Youth,1,1,white,male
894022,Limpopo,32,Youth,1,1,white,male
894023,Free State,40,Adult,1,1,coloured,male
894037,Western Cape,34,Youth,1,1,,male
894054,Kwazulu Natal,43,Adult,1,1,black,male
894055,Mpumalanga,40,Adult,1,1,black,male
894056,Eastern Cape,34,Youth,1,1,,male
894061,Gauteng,36,Adult,1,1,indian_asian,male
894062,Mpumalanga,52,Elder,1,1,black,male
894072,Gauteng,43,Adult,1,1,coloured,male
894086,Mpumalanga,30,Youth,1,1,black,female
894090,Mpumalanga,37,Adult,1,1,,male
894091,Western Cape,28,Youth,1,1,coloured,male
894097,Gauteng,33,Youth,1,1,,male
894103,Gauteng,44,Adult,1,1,indian_asian,male
894104,Western Cape,25,Youth,1,1,coloured,male
894107,Gauteng,27,Youth,1,1,black,male
894137,Kwazulu Natal,42,Adult,1,1,indian_asian,male
894176,Western Cape,47,Adult,1,1,coloured,male
894183,Gauteng,34,Youth,1,1,black,female
894209,Kwazulu Natal,37,Adult,1,1,black,female
894215,Gauteng,67,Pensioner,1,1,indian_asian,male
894216,Gauteng,43,Adult,1,1,white,male
894225,Gauteng,32,Youth,1,1,indian_asian,male
894256,Gauteng,56,Elder,1,1,white,male
894260,Western Cape,39,Adult,1,1,white,male
894263,Kwazulu Natal,58,Elder,1,1,indian_asian,male
894398,Western Cape,27,Youth,1,1,coloured,male
894417,Uncategorized,0,Infants,1,1,,
894435,Mpumalanga,25,Youth,1,1,black,male
894447,Western Cape,30,Youth,1,1,,male
894457,Uncategorized,0,Infants,1,1,,
894467,Uncategorized,0,Infants,1,1,,
894473,Mpumalanga,38,Adult,1,1,indian_asian,male
894558,Gauteng,32,Youth,1,1,indian_asian,male
894569,Mpumalanga,45,Adult,1,1,indian_asian,male
894605,Gauteng,29,Youth,1,1,black,male
894638,Uncategorized,0,Infants,1,1,,
894649,Mpumalanga,26,Youth,1,1,white,male
894658,Gauteng,30,Youth,1,1,indian_asian,male
894674,Limpopo,28,Youth,1,1,indian_asian,male
894690,Limpopo,29,Youth,1,1,indian_asian,male
894706,Mpumalanga,31,Youth,1,1,indian_asian,male
895078,Gauteng,39,Adult,1,1,indian_asian,male
895103,Gauteng,31,Youth,1,1,indian_asian,male
895195,Limpopo,21,Youth,1,1,white,male
895427,Gauteng,38,Adult,1,1,indian_asian,male
895624,Kwazulu Natal,42,Adult,1,1,black,female
896122,Kwazulu Natal,33,Youth,1,1,,male
896477,Gauteng,24,Youth,1,1,indian_asian,male
896654,Gauteng,16,Teenager,1,1,indian_asian,male
897314,Gauteng,32,Youth,1,1,black,male
897770,Gauteng,45,Adult,1,1,black,male
901272,Gauteng,28,Youth,1,1,,female
901312,Gauteng,35,Youth,1,1,black,male
901691,Kwazulu Natal,33,Youth,1,1,white,male
901726,Gauteng,31,Youth,1,1,indian_asian,male
902099,Gauteng,56,Elder,1,1,white,male
902125,Western Cape,36,Adult,1,1,coloured,male
902545,Kwazulu Natal,29,Youth,1,1,white,male
902609,Gauteng,30,Youth,1,1,black,male
903455,Gauteng,68,Pensioner,1,1,,male
903467,Western Cape,47,Adult,1,1,white,female
903476,Free State,43,Adult,1,1,coloured,male
903523,Gauteng,41,Adult,1,1,indian_asian,male
903695,Kwazulu Natal,63,Elder,1,1,,male
903840,Gauteng,32,Youth,1,1,,male
903917,Gauteng,38,Adult,1,1,,male
903994,Western Cape,33,Youth,1,1,coloured,male
904019,Gauteng,25,Youth,1,1,black,female
904035,Gauteng,23,Youth,1,1,black,male
904063,Gauteng,34,Youth,1,1,black,male
904090,Kwazulu Natal,25,Youth,1,1,,male
904101,Gauteng,29,Youth,1,1,indian_asian,male
904173,Mpumalanga,29,Youth,1,1,black,female
904174,Limpopo,30,Youth,1,1,indian_asian,male
904273,Gauteng,31,Youth,1,1,white,male
904274,Gauteng,23,Youth,1,1,,male
904295,Western Cape,41,Adult,1,1,indian_asian,male
904299,Free State,9,Kids,1,1,indian_asian,male
904340,Gauteng,28,Youth,1,1,indian_asian,male
904411,Gauteng,26,Youth,1,1,indian_asian,male
904424,Limpopo,33,Youth,1,1,indian_asian,male
904463,Eastern Cape,41,Adult,1,1,coloured,male
904480,Kwazulu Natal,37,Adult,1,1,indian_asian,male
904484,Gauteng,9,Kids,1,1,indian_asian,male
904526,Gauteng,33,Youth,1,1,coloured,male
904542,Gauteng,45,Adult,1,1,indian_asian,male
904933,Western Cape,28,Youth,1,1,indian_asian,male
904945,Kwazulu Natal,31,Youth,1,1,,male
905064,Limpopo,47,Adult,1,1,indian_asian,male
905127,Eastern Cape,37,Adult,1,1,white,male
905271,Eastern Cape,35,Youth,1,1,coloured,male
905281,Western Cape,51,Elder,1,1,white,male
905367,Gauteng,27,Youth,1,1,indian_asian,male
905393,Limpopo,25,Youth,1,1,black,male
905414,Uncategorized,0,Infants,1,1,,
905533,Free State,27,Youth,1,1,indian_asian,male
906296,Gauteng,24,Youth,1,1,indian_asian,male
906328,Limpopo,23,Youth,1,1,indian_asian,male
906341,Gauteng,22,Youth,1,1,coloured,male
906369,Gauteng,51,Elder,1,1,,male
906463,Limpopo,36,Adult,1,1,indian_asian,male
906496,Limpopo,34,Youth,1,1,indian_asian,male
906517,Western Cape,39,Adult,1,1,indian_asian,male
906568,Limpopo,27,Youth,1,1,indian_asian,male
906608,Gauteng,25,Youth,1,1,,male
906640,Kwazulu Natal,34,Youth,1,1,indian_asian,male
906650,Gauteng,32,Youth,1,1,indian_asian,male
906654,North West,40,Adult,1,1,coloured,male
906667,Gauteng,35,Youth,1,1,black,male
906691,Gauteng,31,Youth,1,1,indian_asian,male
906693,North West,31,Youth,1,1,indian_asian,male
906709,Limpopo,32,Youth,1,1,indian_asian,male
906714,Limpopo,26,Youth,1,1,indian_asian,male
906717,Western Cape,26,Youth,1,1,coloured,male
906728,Western Cape,43,Adult,1,1,coloured,male
906812,Kwazulu Natal,30,Youth,1,1,indian_asian,male
906850,Gauteng,23,Youth,1,1,,male
906855,Gauteng,18,Teenager,1,1,white,male
906875,Limpopo,36,Adult,1,1,black,male
906884,Western Cape,32,Youth,1,1,white,male
906925,Gauteng,31,Youth,1,1,indian_asian,male
906939,Gauteng,31,Youth,1,1,indian_asian,female
906945,Gauteng,29,Youth,1,1,,male
906987,Mpumalanga,31,Youth,1,1,indian_asian,male
906996,Limpopo,24,Youth,1,1,indian_asian,male
907017,Gauteng,30,Youth,1,1,indian_asian,male
907037,Gauteng,32,Youth,1,1,indian_asian,male
907060,Gauteng,24,Youth,1,1,indian_asian,male
907090,Gauteng,25,Youth,1,1,indian_asian,male
907101,Kwazulu Natal,37,Adult,1,1,indian_asian,male
907115,Gauteng,33,Youth,1,1,black,male
907117,Gauteng,25,Youth,1,1,indian_asian,male
907138,Gauteng,31,Youth,1,1,white,male
907172,Free State,27,Youth,1,1,indian_asian,male
907186,Gauteng,26,Youth,1,1,white,male
907211,Eastern Cape,43,Adult,1,1,white,female
907264,Gauteng,32,Youth,1,1,black,male
907265,Gauteng,19,Teenager,1,1,indian_asian,male
907277,Gauteng,28,Youth,1,1,indian_asian,male
907285,Kwazulu Natal,38,Adult,1,1,,male
907292,Gauteng,30,Youth,1,1,indian_asian,male
907294,Gauteng,29,Youth,1,1,indian_asian,male
907313,Gauteng,45,Adult,1,1,indian_asian,male
907322,Limpopo,33,Youth,1,1,indian_asian,male
907326,Limpopo,25,Youth,1,1,indian_asian,male
907350,Free State,24,Youth,1,1,indian_asian,male
907384,Mpumalanga,27,Youth,1,1,black,male
907399,Kwazulu Natal,39,Adult,1,1,indian_asian,male
907441,Western Cape,33,Youth,1,1,,male
907479,Gauteng,25,Youth,1,1,black,male
907491,Kwazulu Natal,41,Adult,1,1,,male
907517,Free State,36,Adult,1,1,coloured,male
907525,Gauteng,31,Youth,1,1,indian_asian,male
907539,Gauteng,40,Adult,1,1,black,male
907557,Gauteng,40,Adult,1,1,white,female
907569,Gauteng,35,Youth,1,1,white,male
907573,Gauteng,40,Adult,1,1,white,male
907574,Gauteng,46,Adult,1,1,white,male
907627,Gauteng,36,Adult,1,1,indian_asian,male
907637,Eastern Cape,41,Adult,1,1,indian_asian,male
907648,Mpumalanga,51,Elder,1,1,white,male
907703,Northern Cape,37,Adult,1,1,black,male
907716,Uncategorized,0,Infants,1,1,,
907722,Gauteng,40,Adult,1,1,white,male
907742,Gauteng,29,Youth,1,1,white,male
907761,Gauteng,34,Youth,1,1,black,male
907781,Gauteng,33,Youth,1,1,white,male
907835,Gauteng,39,Adult,1,1,indian_asian,male
907845,Western Cape,47,Adult,1,1,,female
907886,Gauteng,43,Adult,1,1,,male
907908,Eastern Cape,36,Adult,1,1,black,male
907958,Limpopo,50,Adult,1,1,,male
907961,Gauteng,38,Adult,1,1,white,male
908012,Kwazulu Natal,31,Youth,1,1,black,male
908022,Limpopo,39,Adult,1,1,indian_asian,male
908041,Mpumalanga,28,Youth,1,1,indian_asian,male
908069,Gauteng,49,Adult,1,1,white,female
908082,Gauteng,33,Youth,1,1,,male
908088,Limpopo,28,Youth,1,1,white,male
908182,Free State,54,Elder,1,1,white,male
908535,Gauteng,41,Adult,1,1,black,male
908568,Gauteng,41,Adult,1,1,black,male
908595,Gauteng,39,Adult,1,1,white,male
908642,Western Cape,50,Adult,1,1,,male
908646,Western Cape,51,Elder,1,1,white,female
908759,Mpumalanga,37,Adult,1,1,white,male
908764,Limpopo,38,Adult,1,1,indian_asian,male
909181,Eastern Cape,36,Adult,1,1,white,male
909213,Limpopo,30,Youth,1,1,,male
909222,Gauteng,47,Adult,1,1,white,male
909505,Eastern Cape,36,Adult,1,1,white,male
909519,Gauteng,40,Adult,1,1,white,male
909630,Gauteng,46,Adult,1,1,white,male
909670,Gauteng,44,Adult,1,1,black,male
909837,Gauteng,40,Adult,1,1,black,male
910632,Eastern Cape,47,Adult,1,1,white,male
910862,Western Cape,44,Adult,1,1,,male
910881,Western Cape,30,Youth,1,1,white,male
910883,Gauteng,34,Youth,1,1,,male
911285,Limpopo,16,Teenager,1,1,white,male
911967,Gauteng,51,Elder,1,1,,male
915298,Kwazulu Natal,27,Youth,1,1,indian_asian,male
916065,North West,16,Teenager,1,1,white,male
916735,Kwazulu Natal,41,Adult,1,1,indian_asian,male
918104,Eastern Cape,36,Adult,1,1,white,male
918332,Gauteng,23,Youth,1,1,indian_asian,female
918340,Gauteng,30,Youth,1,1,indian_asian,male
918556,Mpumalanga,34,Youth,1,1,indian_asian,male
918641,Gauteng,22,Youth,1,1,indian_asian,male
918882,Limpopo,22,Youth,1,1,indian_asian,male
918892,Gauteng,27,Youth,1,1,indian_asian,male
918943,Gauteng,27,Youth,1,1,indian_asian,male
918956,Mpumalanga,28,Youth,1,1,indian_asian,male
918995,Gauteng,49,Adult,1,1,white,male
919031,Northern Cape,25,Youth,1,1,coloured,male
919180,Western Cape,36,Adult,1,1,coloured,male
919220,Western Cape,22,Youth,1,1,coloured,male
919229,Limpopo,32,Youth,1,1,,male
919359,Western Cape,29,Youth,1,1,indian_asian,male
919367,Gauteng,38,Adult,1,1,indian_asian,male
919378,Kwazulu Natal,33,Youth,1,1,black,male
919490,Western Cape,44,Adult,1,1,white,male
919495,Gauteng,33,Youth,1,1,indian_asian,male
919522,Mpumalanga,41,Adult,1,1,indian_asian,male
919621,Eastern Cape,24,Youth,1,1,indian_asian,male
919622,Gauteng,37,Adult,1,1,white,male
919677,Gauteng,26,Youth,1,1,white,female
919691,Gauteng,25,Youth,1,1,,female
919808,Eastern Cape,20,Youth,1,1,black,male
919960,Gauteng,36,Adult,1,1,indian_asian,male
920007,Mpumalanga,29,Youth,1,1,black,male
920083,Gauteng,37,Adult,1,1,indian_asian,male
920096,Western Cape,25,Youth,1,1,coloured,male
920203,Uncategorized,0,Infants,1,1,,
920207,Kwazulu Natal,39,Adult,1,1,black,male
920222,Mpumalanga,15,Teenager,1,1,white,male
920645,Gauteng,39,Adult,1,1,black,male
920661,Gauteng,35,Youth,1,1,black,male
920663,Gauteng,32,Youth,1,1,indian_asian,male
920843,Western Cape,24,Youth,1,1,white,male
924886,Gauteng,31,Youth,1,1,indian_asian,male
924896,Gauteng,25,Youth,1,1,indian_asian,male
924899,Gauteng,27,Youth,1,1,,male
924998,Western Cape,46,Adult,1,1,indian_asian,male
925034,Gauteng,37,Adult,1,1,indian_asian,male
925104,Gauteng,34,Youth,1,1,indian_asian,male
925280,Limpopo,24,Youth,1,1,indian_asian,male
925373,Gauteng,26,Youth,1,1,indian_asian,male
925398,Gauteng,29,Youth,1,1,indian_asian,male
925404,Limpopo,34,Youth,1,1,indian_asian,male
925513,Limpopo,34,Youth,1,1,indian_asian,male
925566,Gauteng,29,Youth,1,1,indian_asian,male
925629,Gauteng,30,Youth,1,1,indian_asian,male
925648,Gauteng,34,Youth,1,1,indian_asian,male
925751,Gauteng,34,Youth,1,1,indian_asian,male
925816,Gauteng,33,Youth,1,1,indian_asian,male
925955,Gauteng,23,Youth,1,1,indian_asian,male
926209,North West,24,Youth,1,1,indian_asian,female
926319,Limpopo,28,Youth,1,1,,male
926512,Limpopo,29,Youth,1,1,indian_asian,male
926551,Gauteng,29,Youth,1,1,indian_asian,male
926603,Gauteng,28,Youth,1,1,indian_asian,male
926675,Kwazulu Natal,27,Youth,1,1,indian_asian,male
926697,Kwazulu Natal,29,Youth,1,1,indian_asian,male
926860,Gauteng,25,Youth,1,1,indian_asian,male
926998,Gauteng,29,Youth,1,1,indian_asian,male
927025,Gauteng,26,Youth,1,1,,male
927116,Limpopo,31,Youth,1,1,indian_asian,male
927119,Gauteng,28,Youth,1,1,indian_asian,male
927246,Gauteng,29,Youth,1,1,indian_asian,male
927257,Gauteng,27,Youth,1,1,indian_asian,male
927311,Gauteng,10,Kids,1,1,,male
927467,Gauteng,27,Youth,1,1,indian_asian,male
927501,Western Cape,17,Teenager,1,1,,male
927552,Kwazulu Natal,46,Adult,1,1,,female
927629,Gauteng,25,Youth,1,1,indian_asian,male
927910,Gauteng,35,Youth,1,1,indian_asian,male
927986,Kwazulu Natal,44,Adult,1,1,indian_asian,male
928017,Gauteng,34,Youth,1,1,indian_asian,male
928030,Gauteng,15,Teenager,1,1,indian_asian,male
928133,North West,46,Adult,1,1,indian_asian,male
928256,Gauteng,20,Youth,1,1,coloured,male
928260,Gauteng,56,Elder,1,1,indian_asian,male
928298,Kwazulu Natal,46,Adult,1,1,white,male
928317,Limpopo,28,Youth,1,1,indian_asian,male
928343,Kwazulu Natal,37,Adult,1,1,indian_asian,male
928356,Limpopo,28,Youth,1,1,coloured,male
928574,Gauteng,24,Youth,1,1,,male
928673,Western Cape,30,Youth,1,1,coloured,male
928768,Gauteng,32,Youth,1,1,,female
929024,Gauteng,68,Pensioner,1,1,white,male
929723,Western Cape,27,Youth,1,1,indian_asian,male
929871,Mpumalanga,41,Adult,1,1,white,male
930014,Gauteng,33,Youth,1,1,indian_asian,male
930015,Western Cape,19,Teenager,1,1,indian_asian,male
930047,Gauteng,40,Adult,1,1,indian_asian,male
930066,Eastern Cape,32,Youth,1,1,indian_asian,male
930067,Kwazulu Natal,32,Youth,1,1,indian_asian,male
930093,Gauteng,38,Adult,1,1,indian_asian,male
930094,Free State,26,Youth,1,1,,male
930097,Gauteng,26,Youth,1,1,indian_asian,male
930104,Limpopo,23,Youth,1,1,indian_asian,male
930123,Gauteng,31,Youth,1,1,indian_asian,male
930160,Kwazulu Natal,28,Youth,1,1,indian_asian,female
930171,Northern Cape,22,Youth,1,1,coloured,male
930176,Mpumalanga,35,Youth,1,1,indian_asian,male
930191,Kwazulu Natal,22,Youth,1,1,indian_asian,female
930206,Mpumalanga,28,Youth,1,1,indian_asian,male
930241,Western Cape,42,Adult,1,1,coloured,male
930290,Gauteng,38,Adult,1,1,indian_asian,male
930307,Western Cape,36,Adult,1,1,indian_asian,male
930312,Limpopo,24,Youth,1,1,indian_asian,male
930367,Western Cape,32,Youth,1,1,indian_asian,male
930401,Mpumalanga,36,Adult,1,1,indian_asian,male
930433,Gauteng,34,Youth,1,1,indian_asian,male
930443,Gauteng,47,Adult,1,1,indian_asian,female
930447,Gauteng,38,Adult,1,1,indian_asian,male
930462,Western Cape,31,Youth,1,1,coloured,male
930477,Gauteng,34,Youth,1,1,indian_asian,male
930540,Western Cape,23,Youth,1,1,indian_asian,male
930545,Mpumalanga,48,Adult,1,1,white,male
930568,Gauteng,27,Youth,1,1,indian_asian,male
930586,Kwazulu Natal,27,Youth,1,1,white,female
930600,Mpumalanga,28,Youth,1,1,indian_asian,female
930625,Gauteng,33,Youth,1,1,indian_asian,male
930671,Gauteng,44,Adult,1,1,indian_asian,male
930672,Limpopo,48,Adult,1,1,indian_asian,male
930713,Mpumalanga,21,Youth,1,1,white,male
930730,Gauteng,48,Adult,1,1,indian_asian,male
930743,Gauteng,25,Youth,1,1,indian_asian,male
930759,Gauteng,24,Youth,1,1,indian_asian,male
930775,Kwazulu Natal,47,Adult,1,1,indian_asian,male
930781,Limpopo,30,Youth,1,1,black,female
930826,Gauteng,38,Adult,1,1,indian_asian,male
930842,Kwazulu Natal,18,Teenager,1,1,indian_asian,male
930844,Western Cape,30,Youth,1,1,coloured,female
930873,Kwazulu Natal,28,Youth,1,1,indian_asian,male
930883,Gauteng,28,Youth,1,1,indian_asian,male
930889,Limpopo,30,Youth,1,1,indian_asian,male
930897,Mpumalanga,21,Youth,1,1,white,male
930928,Gauteng,24,Youth,1,1,indian_asian,male
930935,Gauteng,23,Youth,1,1,,male
930950,Western Cape,32,Youth,1,1,coloured,male
930955,Gauteng,36,Adult,1,1,black,male
930990,Limpopo,22,Youth,1,1,indian_asian,male
931017,Gauteng,25,Youth,1,1,indian_asian,male
931072,Kwazulu Natal,29,Youth,1,1,indian_asian,male
931139,Gauteng,25,Youth,1,1,coloured,male
931189,Gauteng,22,Youth,1,1,indian_asian,male
931202,Kwazulu Natal,24,Youth,1,1,indian_asian,male
931222,Limpopo,26,Youth,1,1,indian_asian,male
931228,Gauteng,37,Adult,1,1,white,male
931253,Western Cape,26,Youth,1,1,coloured,male
931297,Limpopo,27,Youth,1,1,indian_asian,male
931322,Limpopo,30,Youth,1,1,indian_asian,male
931360,Gauteng,33,Youth,1,1,,female
931362,Limpopo,29,Youth,1,1,indian_asian,male
931426,Gauteng,32,Youth,1,1,indian_asian,male
931433,Western Cape,36,Adult,1,1,indian_asian,male
931444,Limpopo,31,Youth,1,1,indian_asian,male
931460,Kwazulu Natal,34,Youth,1,1,indian_asian,male
931483,Limpopo,34,Youth,1,1,indian_asian,male
931546,North West,26,Youth,1,1,indian_asian,male
931557,Gauteng,27,Youth,1,1,black,male
931586,Gauteng,33,Youth,1,1,indian_asian,male
931632,Gauteng,32,Youth,1,1,indian_asian,male
931689,Western Cape,29,Youth,1,1,white,male
931709,Gauteng,25,Youth,1,1,white,male
931724,Limpopo,26,Youth,1,1,indian_asian,male
931733,Mpumalanga,28,Youth,1,1,indian_asian,male
932000,Western Cape,46,Adult,1,1,coloured,male
932007,Free State,43,Adult,1,1,white,male
939566,Mpumalanga,29,Youth,1,1,,male
939570,Gauteng,22,Youth,1,1,,male
939575,Gauteng,25,Youth,1,1,black,male
939592,Western Cape,34,Youth,1,1,coloured,male
939600,Gauteng,31,Youth,1,1,black,male
939602,Eastern Cape,18,Teenager,1,1,coloured,male
939603,Limpopo,30,Youth,1,1,indian_asian,male
939606,Western Cape,38,Adult,1,1,coloured,male
939607,Limpopo,29,Youth,1,1,indian_asian,male
939619,Western Cape,50,Adult,1,1,coloured,male
939622,Mpumalanga,38,Adult,1,1,white,male
939624,Gauteng,19,Teenager,1,1,black,male
939659,Limpopo,21,Youth,1,1,black,male
939662,Mpumalanga,23,Youth,1,1,black,male
939668,Mpumalanga,21,Youth,1,1,black,male
939673,Western Cape,29,Youth,1,1,black,male
939679,Western Cape,41,Adult,1,1,coloured,male
939680,Gauteng,19,Teenager,1,1,white,male
939694,Gauteng,30,Youth,1,1,indian_asian,male
939695,Gauteng,31,Youth,1,1,black,female
939699,Western Cape,36,Adult,1,1,,male
939702,Western Cape,37,Adult,1,1,,male
939712,Western Cape,42,Adult,1,1,black,male
939713,Free State,26,Youth,1,1,coloured,male
939717,Gauteng,27,Youth,1,1,indian_asian,male
939719,Kwazulu Natal,28,Youth,1,1,white,male
939723,Gauteng,31,Youth,1,1,black,male
939729,Eastern Cape,34,Youth,1,1,coloured,male
939732,Gauteng,33,Youth,1,1,black,male
939753,Western Cape,43,Adult,1,1,coloured,male
939765,Gauteng,39,Adult,1,1,black,male
939766,Gauteng,22,Youth,1,1,black,male
939769,Western Cape,27,Youth,1,1,black,male
939774,Gauteng,13,Teenager,1,1,indian_asian,male
939781,Western Cape,28,Youth,1,1,coloured,male
939786,Eastern Cape,24,Youth,1,1,black,female
939792,Eastern Cape,23,Youth,1,1,indian_asian,male
939802,Kwazulu Natal,23,Youth,1,1,indian_asian,male
939807,Western Cape,28,Youth,1,1,coloured,male
939819,Kwazulu Natal,27,Youth,1,1,indian_asian,male
939833,Gauteng,36,Adult,1,1,indian_asian,male
939846,Kwazulu Natal,17,Teenager,1,1,black,male
939866,Gauteng,28,Youth,1,1,coloured,female
939867,Mpumalanga,50,Adult,1,1,black,male
939878,Gauteng,22,Youth,1,1,black,male
939912,Western Cape,49,Adult,1,1,black,male
939922,Eastern Cape,34,Youth,1,1,indian_asian,male
939925,Gauteng,26,Youth,1,1,indian_asian,male
939928,Gauteng,45,Adult,1,1,,male
939941,Limpopo,26,Youth,1,1,black,male
939975,Gauteng,41,Adult,1,1,black,male
939977,Mpumalanga,24,Youth,1,1,black,male
939980,Gauteng,31,Youth,1,1,white,male
939982,Kwazulu Natal,46,Adult,1,1,black,male
939992,Gauteng,44,Adult,1,1,indian_asian,male
940010,Gauteng,27,Youth,1,1,black,male
940027,Limpopo,111,Pensioner,1,1,,male
940030,Gauteng,25,Youth,1,1,black,male
940031,Eastern Cape,42,Adult,1,1,black,male
940064,Western Cape,45,Adult,1,1,coloured,male
940076,Eastern Cape,51,Elder,1,1,black,male
940093,Western Cape,45,Adult,1,1,coloured,male
940108,Mpumalanga,22,Youth,1,1,black,male
940130,Kwazulu Natal,39,Adult,1,1,black,male
940149,Gauteng,32,Youth,1,1,black,male
940154,Gauteng,35,Youth,1,1,indian_asian,male
940163,Free State,18,Teenager,1,1,black,male
940169,Gauteng,45,Adult,1,1,black,male
940170,Kwazulu Natal,31,Youth,1,1,black,male
940176,Eastern Cape,31,Youth,1,1,black,male
940177,Gauteng,39,Adult,1,1,indian_asian,male
940183,Limpopo,40,Adult,1,1,white,male
940195,Mpumalanga,20,Youth,1,1,black,male
940201,Gauteng,34,Youth,1,1,black,male
940208,Limpopo,24,Youth,1,1,black,male
940210,Mpumalanga,23,Youth,1,1,black,female
940212,Gauteng,22,Youth,1,1,indian_asian,male
940243,Gauteng,43,Adult,1,1,black,male
940244,Kwazulu Natal,26,Youth,1,1,black,male
940250,Eastern Cape,46,Adult,1,1,indian_asian,female
940266,Kwazulu Natal,15,Teenager,1,1,black,female
940268,Gauteng,33,Youth,1,1,black,male
940271,Western Cape,48,Adult,1,1,coloured,male
940281,Gauteng,35,Youth,1,1,white,male
940286,Gauteng,27,Youth,1,1,indian_asian,male
940290,Gauteng,67,Pensioner,1,1,,male
940303,Western Cape,32,Youth,1,1,,male
940308,Gauteng,32,Youth,1,1,,male
940320,Limpopo,23,Youth,1,1,,male
940329,Gauteng,34,Youth,1,1,white,female
940343,Mpumalanga,39,Adult,1,1,black,male
940353,Gauteng,29,Youth,1,1,indian_asian,male
940374,Western Cape,37,Adult,1,1,coloured,male
940384,Gauteng,20,Youth,1,1,black,male
940392,Gauteng,29,Youth,1,1,black,female
940422,North West,38,Adult,1,1,black,male
940427,Gauteng,24,Youth,1,1,indian_asian,male
940434,Western Cape,21,Youth,1,1,coloured,male
940436,Free State,29,Youth,1,1,indian_asian,male
940446,Gauteng,24,Youth,1,1,,male
940454,Gauteng,22,Youth,1,1,indian_asian,male
940466,Limpopo,26,Youth,1,1,white,male
940469,Gauteng,42,Adult,1,1,,male
940476,Mpumalanga,40,Adult,1,1,black,male
940485,Kwazulu Natal,27,Youth,1,1,indian_asian,male
940509,Western Cape,26,Youth,1,1,,male
940516,Kwazulu Natal,42,Adult,1,1,coloured,male
940522,Gauteng,29,Youth,1,1,black,male
940545,Gauteng,33,Youth,1,1,black,female
940555,Limpopo,25,Youth,1,1,indian_asian,male
940585,Free State,24,Youth,1,1,black,male
940586,Gauteng,34,Youth,1,1,black,male
940590,Western Cape,27,Youth,1,1,coloured,male
940595,Limpopo,31,Youth,1,1,black,male
940602,Gauteng,32,Youth,1,1,indian_asian,male
940611,Gauteng,29,Youth,1,1,black,male
940614,Gauteng,32,Youth,1,1,indian_asian,male
940616,Western Cape,39,Adult,1,1,coloured,male
940621,Western Cape,27,Youth,1,1,indian_asian,male
940626,Gauteng,10,Kids,1,1,white,male
940631,Kwazulu Natal,27,Youth,1,1,black,female
940635,Kwazulu Natal,49,Adult,1,1,black,male
940640,Gauteng,30,Youth,1,1,indian_asian,male
940643,Gauteng,28,Youth,1,1,coloured,male
940648,Gauteng,26,Youth,1,1,black,male
940664,Northern Cape,36,Adult,1,1,black,female
940668,Gauteng,30,Youth,1,1,black,male
940671,Kwazulu Natal,34,Youth,1,1,white,male
940707,Eastern Cape,26,Youth,1,1,indian_asian,male
940714,Kwazulu Natal,40,Adult,1,1,black,male
940736,Gauteng,27,Youth,1,1,indian_asian,male
940738,Gauteng,33,Youth,1,1,indian_asian,male
940746,Gauteng,38,Adult,1,1,indian_asian,male
940749,Western Cape,30,Youth,1,1,coloured,male
940755,Gauteng,26,Youth,1,1,coloured,female
940756,Kwazulu Natal,42,Adult,1,1,black,male
940769,Eastern Cape,25,Youth,1,1,black,male
940775,Eastern Cape,32,Youth,1,1,coloured,male
940779,Kwazulu Natal,33,Youth,1,1,indian_asian,male
940794,Mpumalanga,33,Youth,1,1,white,male
940797,Eastern Cape,44,Adult,1,1,coloured,male
940801,Western Cape,30,Youth,1,1,black,male
940811,Kwazulu Natal,47,Adult,1,1,coloured,male
940827,Gauteng,27,Youth,1,1,black,female
940881,Limpopo,31,Youth,1,1,indian_asian,male
940888,Gauteng,29,Youth,1,1,,male
940889,Western Cape,35,Youth,1,1,coloured,female
940895,Gauteng,34,Youth,1,1,,female
940902,Western Cape,44,Adult,1,1,black,male
940937,Western Cape,30,Youth,1,1,white,male
940948,Mpumalanga,27,Youth,1,1,black,male
940967,Gauteng,31,Youth,1,1,indian_asian,male
940971,Free State,39,Adult,1,1,coloured,male
940974,Western Cape,41,Adult,1,1,black,male
940976,Kwazulu Natal,32,Youth,1,1,black,female
940991,Western Cape,25,Youth,1,1,coloured,male
940992,Western Cape,22,Youth,1,1,coloured,male
941003,Gauteng,24,Youth,1,1,black,male
941006,Kwazulu Natal,29,Youth,1,1,indian_asian,female
941007,Gauteng,29,Youth,1,1,black,male
941012,Gauteng,25,Youth,1,1,indian_asian,male
941028,Gauteng,30,Youth,1,1,black,male
941041,Eastern Cape,38,Adult,1,1,indian_asian,male
941046,Limpopo,18,Teenager,1,1,black,male
941048,Gauteng,45,Adult,1,1,white,male
941061,North West,45,Adult,1,1,,male
941092,Kwazulu Natal,25,Youth,1,1,,male
941095,Gauteng,26,Youth,1,1,indian_asian,male
941108,Gauteng,26,Youth,1,1,,female
941112,Mpumalanga,38,Adult,1,1,black,male
941116,Mpumalanga,31,Youth,1,1,indian_asian,male
941137,Gauteng,27,Youth,1,1,black,male
941143,Western Cape,24,Youth,1,1,coloured,male
941168,Free State,28,Youth,1,1,,female
941181,Gauteng,22,Youth,1,1,black,male
941186,Gauteng,36,Adult,1,1,indian_asian,male
941208,Northern Cape,29,Youth,1,1,black,female
941214,North West,53,Elder,1,1,white,male
941220,Mpumalanga,37,Adult,1,1,black,male
941227,Kwazulu Natal,39,Adult,1,1,black,male
941242,Gauteng,32,Youth,1,1,indian_asian,male
941243,Western Cape,55,Elder,1,1,coloured,male
941245,North West,40,Adult,1,1,indian_asian,male
941250,Mpumalanga,32,Youth,1,1,black,male
941253,Gauteng,15,Teenager,1,1,,male
941255,Mpumalanga,22,Youth,1,1,black,female
941267,Western Cape,26,Youth,1,1,black,male
941270,Mpumalanga,25,Youth,1,1,black,male
941272,Gauteng,9,Kids,1,1,,male
941274,Kwazulu Natal,32,Youth,1,1,black,female
941296,Northern Cape,56,Elder,1,1,coloured,female
941303,Eastern Cape,36,Adult,1,1,black,male
941312,Gauteng,47,Adult,1,1,black,male
941314,Limpopo,26,Youth,1,1,black,female
941332,Gauteng,58,Elder,1,1,white,male
941348,Gauteng,34,Youth,1,1,black,female
941362,Western Cape,21,Youth,1,1,,male
941372,Gauteng,51,Elder,1,1,indian_asian,male
941379,Gauteng,57,Elder,1,1,indian_asian,male
941380,Gauteng,45,Adult,1,1,white,male
941390,Northern Cape,34,Youth,1,1,black,male
941402,Eastern Cape,58,Elder,1,1,white,male
941407,Gauteng,42,Adult,1,1,black,male
941416,Northern Cape,66,Pensioner,1,1,white,male
941421,Western Cape,38,Adult,1,1,coloured,male
941427,Gauteng,44,Adult,1,1,black,male
941428,Western Cape,35,Youth,1,1,coloured,male
941440,Gauteng,41,Adult,1,1,indian_asian,male
941452,Gauteng,27,Youth,1,1,black,female
941456,Eastern Cape,20,Youth,1,1,coloured,male
941484,North West,41,Adult,1,1,black,male
941488,Gauteng,39,Adult,1,1,indian_asian,male
941493,Western Cape,50,Adult,1,1,coloured,female
941502,Mpumalanga,57,Elder,1,1,,male
941508,Gauteng,45,Adult,1,1,indian_asian,male
941513,Kwazulu Natal,36,Adult,1,1,black,male
941514,Western Cape,33,Youth,1,1,coloured,male
941524,Northern Cape,34,Youth,1,1,black,male
941525,Gauteng,41,Adult,1,1,indian_asian,male
941531,Gauteng,44,Adult,1,1,black,male
941543,Gauteng,39,Adult,1,1,black,male
941545,Free State,40,Adult,1,1,black,male
941546,Gauteng,34,Youth,1,1,white,male
941547,Eastern Cape,20,Youth,1,1,white,male
941558,Gauteng,47,Adult,1,1,white,male
941574,Gauteng,40,Adult,1,1,coloured,male
941609,Gauteng,45,Adult,1,1,black,male
941616,Kwazulu Natal,35,Youth,1,1,black,male
941618,Gauteng,22,Youth,1,1,coloured,male
941621,Gauteng,34,Youth,1,1,black,male
941622,Gauteng,38,Adult,1,1,white,female
941623,Free State,31,Youth,1,1,white,male
941629,Western Cape,49,Adult,1,1,white,male
941660,Free State,24,Youth,1,1,white,male
941663,Western Cape,30,Youth,1,1,black,male
941664,Western Cape,35,Youth,1,1,coloured,male
941667,Mpumalanga,26,Youth,1,1,black,male
941685,Western Cape,43,Adult,1,1,coloured,male
941723,North West,43,Adult,1,1,black,male
941730,Kwazulu Natal,33,Youth,1,1,indian_asian,male
941733,Western Cape,25,Youth,1,1,coloured,male
941734,Western Cape,32,Youth,1,1,,female
1063776,Gauteng,31,Youth,1,1,indian_asian,male
1064537,Gauteng,32,Youth,1,1,indian_asian,male
1106084,Gauteng,37,Adult,1,1,black,male
1106115,Western Cape,26,Youth,1,1,black,female
1106137,Western Cape,39,Adult,1,1,coloured,male
1106156,Mpumalanga,18,Teenager,1,1,white,male
1106301,Gauteng,45,Adult,1,1,indian_asian,male
1106425,Gauteng,27,Youth,1,1,black,male
1106456,Gauteng,24,Youth,1,1,black,female
1106589,Western Cape,39,Adult,1,1,,male
1106652,Gauteng,20,Youth,1,1,black,male
1106801,Kwazulu Natal,24,Youth,1,1,coloured,male
1106847,North West,57,Elder,1,1,black,male
1106931,Gauteng,20,Youth,1,1,black,male
1107044,Mpumalanga,32,Youth,1,1,black,female
1107089,Western Cape,33,Youth,1,1,white,male
1107136,Western Cape,29,Youth,1,1,coloured,male
1107242,Gauteng,25,Youth,1,1,indian_asian,male
1107332,Gauteng,23,Youth,1,1,black,male
1107333,Limpopo,41,Adult,1,1,black,male
1107416,Eastern Cape,32,Youth,1,1,indian_asian,male
1107422,Western Cape,30,Youth,1,1,black,male
1107423,Mpumalanga,45,Adult,1,1,white,male
1107440,Gauteng,34,Youth,1,1,indian_asian,male
1107441,Gauteng,16,Teenager,1,1,black,female
1107471,Western Cape,27,Youth,1,1,coloured,male
1107565,Mpumalanga,28,Youth,1,1,indian_asian,male
1107686,Free State,30,Youth,1,1,white,male
1107713,Gauteng,44,Adult,1,1,black,male
1107714,North West,27,Youth,1,1,black,male
1107846,Western Cape,39,Adult,1,1,coloured,male
1107857,Gauteng,18,Teenager,1,1,white,male
1107920,Gauteng,38,Adult,1,1,white,male
1107941,Gauteng,21,Youth,1,1,white,male
1107963,Mpumalanga,22,Youth,1,1,coloured,male
1107967,Gauteng,27,Youth,1,1,black,male
1108000,Kwazulu Natal,46,Adult,1,1,black,male
1108051,Northern Cape,18,Teenager,1,1,white,male
1108083,Western Cape,35,Youth,1,1,coloured,male
1108125,Gauteng,27,Youth,1,1,black,male
1108140,Kwazulu Natal,22,Youth,1,1,black,male
1108163,Gauteng,17,Teenager,1,1,white,male
1108229,Western Cape,40,Adult,1,1,coloured,female
1108345,Limpopo,31,Youth,1,1,indian_asian,male
1108389,Western Cape,24,Youth,1,1,coloured,male
1108404,Gauteng,30,Youth,1,1,white,male
1108443,Gauteng,29,Youth,1,1,black,male
1108535,North West,34,Youth,1,1,,male
1108629,Gauteng,28,Youth,1,1,indian_asian,male
1108688,North West,21,Youth,1,1,black,male
1108737,Gauteng,21,Youth,1,1,black,male
1108754,Free State,20,Youth,1,1,black,male
1108779,Limpopo,28,Youth,1,1,black,male
1108792,Free State,34,Youth,1,1,black,male
1108872,Limpopo,26,Youth,1,1,white,male
1108878,Gauteng,44,Adult,1,1,black,male
1108901,Gauteng,50,Adult,1,1,white,male
1108944,Western Cape,9,Kids,1,1,coloured,male
1109004,Eastern Cape,43,Adult,1,1,coloured,male
1109055,Mpumalanga,39,Adult,1,1,black,male
1109109,Gauteng,45,Adult,1,1,black,male
1109161,Kwazulu Natal,34,Youth,1,1,indian_asian,male
1109191,Eastern Cape,54,Elder,1,1,coloured,male
1109200,Western Cape,36,Adult,1,1,coloured,male
1109229,Western Cape,25,Youth,1,1,coloured,male
1109231,Gauteng,32,Youth,1,1,indian_asian,male
1109252,Gauteng,30,Youth,1,1,white,male
1109264,Gauteng,42,Adult,1,1,black,male
1109274,Gauteng,39,Adult,1,1,,male
1109289,Gauteng,39,Adult,1,1,coloured,male
1109336,Gauteng,33,Youth,1,1,,male
1109383,Free State,39,Adult,1,1,black,male
1109481,Gauteng,51,Elder,1,1,white,male
1109496,Western Cape,35,Youth,1,1,,male
1109510,North West,25,Youth,1,1,black,male
1109583,Gauteng,45,Adult,1,1,coloured,male
1122561,Kwazulu Natal,19,Teenager,1,1,white,male
1132955,Western Cape,23,Youth,1,1,white,male
1133250,Gauteng,36,Adult,1,1,indian_asian,male
1280861,Uncategorized,0,Infants,1,1,,
1281997,Free State,14,Teenager,1,1,coloured,female
1283498,Uncategorized,0,Infants,1,1,,
1285704,Uncategorized,0,Infants,1,1,,
1285929,Uncategorized,0,Infants,1,1,,
1285950,Mpumalanga,30,Youth,1,1,coloured,male
1287933,Northern Cape,26,Youth,1,1,white,male
1292142,Uncategorized,0,Infants,1,1,,
1293485,Gauteng,21,Youth,1,1,black,male
1295130,Uncategorized,0,Infants,1,1,,
1297394,Uncategorized,0,Infants,1,1,,
1298176,Uncategorized,0,Infants,1,1,,
1299853,North West,22,Youth,1,1,black,female
1303457,Uncategorized,0,Infants,1,1,,
1304008,Uncategorized,0,Infants,1,1,,
1307720,Uncategorized,0,Infants,1,1,,
1308689,Uncategorized,0,Infants,1,1,,
1310414,Uncategorized,0,Infants,1,1,,
1310589,Mpumalanga,33,Youth,1,1,black,male
1312534,Uncategorized,0,Infants,1,1,,
1314312,Uncategorized,0,Infants,1,1,,
1315326,Uncategorized,0,Infants,1,1,,
1316622,Uncategorized,0,Infants,1,1,,
1318133,Kwazulu Natal,17,Teenager,1,1,,male
1319265,Uncategorized,0,Infants,1,1,,
1320407,Uncategorized,0,Infants,1,1,,
1320736,Gauteng,10,Kids,1,1,white,male
1325184,Limpopo,35,Youth,1,1,white,female
1330815,Uncategorized,0,Infants,1,1,,
1331854,Uncategorized,0,Infants,1,1,,
1335653,Uncategorized,0,Infants,1,1,,
1337736,Uncategorized,0,Infants,1,1,,
1338868,Uncategorized,0,Infants,1,1,,
1339762,Gauteng,13,Teenager,1,1,black,male
1340226,Gauteng,20,Youth,1,1,black,male
1344220,Gauteng,21,Youth,1,1,white,male
1346053,Uncategorized,0,Infants,1,1,,
1347572,Gauteng,21,Youth,1,1,white,male
1348140,Uncategorized,0,Infants,1,1,,
1357282,Uncategorized,0,Infants,1,1,,
1365228,Uncategorized,0,Infants,1,1,,
1365633,Uncategorized,0,Infants,1,1,,
1366224,Uncategorized,0,Infants,1,1,,
1367082,Limpopo,23,Youth,1,1,black,male
1368947,Uncategorized,0,Infants,1,1,,
1369368,Uncategorized,0,Infants,1,1,,
1369498,Uncategorized,0,Infants,1,1,,
1372244,Uncategorized,0,Infants,1,1,,
1372513,Uncategorized,0,Infants,1,1,,
1375589,Uncategorized,0,Infants,1,1,,
1377076,Uncategorized,0,Infants,1,1,,
1381172,Uncategorized,0,Infants,1,1,,
1384390,Uncategorized,0,Infants,1,1,,
1385185,Uncategorized,0,Infants,1,1,,
1385756,Western Cape,34,Youth,1,1,black,female
1388999,Mpumalanga,36,Adult,1,1,black,male
1393477,Uncategorized,0,Infants,1,1,,
1394143,Limpopo,29,Youth,1,1,black,male
1394759,Uncategorized,0,Infants,1,1,,
1401783,Uncategorized,0,Infants,1,1,,
1406397,Uncategorized,0,Infants,1,1,,
1408424,Uncategorized,0,Infants,1,1,,
1409148,Kwazulu Natal,28,Youth,1,1,black,male
1410090,Western Cape,51,Elder,1,1,coloured,male
1412696,Mpumalanga,27,Youth,1,1,black,male
1413198,Uncategorized,0,Infants,1,1,,
1414207,Uncategorized,0,Infants,1,1,,
1416704,Uncategorized,0,Infants,1,1,,
1419271,Uncategorized,0,Infants,1,1,,
1420172,Uncategorized,0,Infants,1,1,,
1420524,Uncategorized,0,Infants,1,1,,
1421966,Uncategorized,0,Infants,1,1,,
1433410,Uncategorized,0,Infants,1,1,,
1435233,Uncategorized,0,Infants,1,1,,
1437854,Uncategorized,0,Infants,1,1,,
1438990,Uncategorized,0,Infants,1,1,,
1439369,Uncategorized,0,Infants,1,1,,
1439966,Uncategorized,0,Infants,1,1,,
1440426,Uncategorized,0,Infants,1,1,,
1443808,Gauteng,30,Youth,1,1,black,male
1445897,Mpumalanga,17,Teenager,1,1,black,male
1450546,Uncategorized,0,Infants,1,1,,
1451460,Mpumalanga,60,Elder,1,1,black,male
1455550,Uncategorized,0,Infants,1,1,,
1456819,Uncategorized,0,Infants,1,1,,
1463542,Free State,16,Teenager,1,1,white,female
1467780,Uncategorized,0,Infants,1,1,,
1467831,Uncategorized,0,Infants,1,1,,
1467952,Uncategorized,0,Infants,1,1,,
1468823,Uncategorized,0,Infants,1,1,,
1470044,Uncategorized,0,Infants,1,1,,
1473422,Uncategorized,0,Infants,1,1,,
1474655,Uncategorized,0,Infants,1,1,,
1475333,Uncategorized,0,Infants,1,1,,
1475817,Uncategorized,0,Infants,1,1,,
1476193,Uncategorized,0,Infants,1,1,,
1479693,Uncategorized,0,Infants,1,1,,
1482604,Eastern Cape,37,Adult,1,1,coloured,male
1488531,Uncategorized,0,Infants,1,1,,
1489163,Eastern Cape,29,Youth,1,1,coloured,male
1490038,Uncategorized,0,Infants,1,1,,
1490328,Uncategorized,0,Infants,1,1,,
1490831,Uncategorized,0,Infants,1,1,,
1490982,Gauteng,28,Youth,1,1,,male
1493009,Uncategorized,0,Infants,1,1,,
1495691,Kwazulu Natal,16,Teenager,1,1,,female
1500061,Uncategorized,0,Infants,1,1,,
1500535,Uncategorized,0,Infants,1,1,,
1502338,Gauteng,30,Youth,1,1,white,male
1504298,Uncategorized,0,Infants,1,1,,
1505846,Uncategorized,0,Infants,1,1,,
1508455,Uncategorized,0,Infants,1,1,,
1509147,Uncategorized,0,Infants,1,1,,
1512929,Eastern Cape,14,Teenager,1,1,indian_asian,male
1518180,North West,32,Youth,1,1,white,male
1520130,Uncategorized,0,Infants,1,1,,
1521131,Uncategorized,0,Infants,1,1,,
1524448,Western Cape,30,Youth,1,1,black,female
1526052,Uncategorized,0,Infants,1,1,,
1529372,Western Cape,29,Youth,1,1,black,male
1535956,Uncategorized,0,Infants,1,1,,
1536986,Uncategorized,0,Infants,1,1,,
1537182,Uncategorized,0,Infants,1,1,,
1541644,Uncategorized,0,Infants,1,1,,
1546260,Gauteng,28,Youth,1,1,white,male
1546680,Uncategorized,0,Infants,1,1,,
1549363,Uncategorized,0,Infants,1,1,,
1551170,Uncategorized,0,Infants,1,1,,
1553875,Uncategorized,0,Infants,1,1,,
1554781,Uncategorized,0,Infants,1,1,,
1557758,Uncategorized,0,Infants,1,1,,
1558034,Uncategorized,0,Infants,1,1,,
1560174,Mpumalanga,0,Infants,1,1,,male
1563843,Uncategorized,0,Infants,1,1,,
1565327,Uncategorized,0,Infants,1,1,,
1569423,Uncategorized,0,Infants,1,1,,
1571824,Uncategorized,0,Infants,1,1,,
1573025,Uncategorized,0,Infants,1,1,,
1573248,Uncategorized,0,Infants,1,1,,
1573644,Kwazulu Natal,27,Youth,1,1,black,male
1578967,Uncategorized,0,Infants,1,1,,
1581005,Mpumalanga,26,Youth,1,1,black,male
1581819,Uncategorized,0,Infants,1,1,,
1581991,Uncategorized,0,Infants,1,1,,
1582057,Uncategorized,0,Infants,1,1,,
1583292,Uncategorized,0,Infants,1,1,,
1584323,Uncategorized,0,Infants,1,1,,
1584807,Gauteng,22,Youth,1,1,white,male
1586559,Uncategorized,0,Infants,1,1,,
1586633,Gauteng,45,Adult,1,1,black,male
1591149,Mpumalanga,25,Youth,1,1,black,male
1594105,Uncategorized,0,Infants,1,1,,
1594216,Kwazulu Natal,25,Youth,1,1,white,male
1594716,Uncategorized,0,Infants,1,1,,
1594936,Limpopo,20,Youth,1,1,black,male
1595065,Uncategorized,0,Infants,1,1,,
1595241,Gauteng,32,Youth,1,1,white,female
1597924,Uncategorized,0,Infants,1,1,,
1598093,Uncategorized,0,Infants,1,1,,
1603975,Uncategorized,0,Infants,1,1,,
1605024,Uncategorized,0,Infants,1,1,,
1606000,Uncategorized,0,Infants,1,1,,
1610206,Uncategorized,0,Infants,1,1,,
1610747,Western Cape,23,Youth,1,1,coloured,male
1611471,Uncategorized,0,Infants,1,1,,
1613984,Uncategorized,0,Infants,1,1,,
1616168,Uncategorized,0,Infants,1,1,,
1616382,Uncategorized,0,Infants,1,1,,
1617406,Uncategorized,0,Infants,1,1,,
1617557,Uncategorized,0,Infants,1,1,,
1619460,Gauteng,25,Youth,1,1,black,female
1621731,Uncategorized,0,Infants,1,1,,
1622314,Uncategorized,0,Infants,1,1,,
1623105,Uncategorized,0,Infants,1,1,,
1623852,Uncategorized,0,Infants,1,1,,
1625415,Kwazulu Natal,16,Teenager,1,1,black,female
1625675,Uncategorized,0,Infants,1,1,,
1628325,Uncategorized,0,Infants,1,1,,
1629002,Uncategorized,0,Infants,1,1,,
1633923,Gauteng,28,Youth,1,1,white,male
1635210,Uncategorized,0,Infants,1,1,,
1635787,Gauteng,29,Youth,1,1,white,male
1636118,Uncategorized,0,Infants,1,1,,
1636482,Uncategorized,0,Infants,1,1,,
1636830,Uncategorized,0,Infants,1,1,,
1638454,Uncategorized,0,Infants,1,1,,
1639481,Uncategorized,0,Infants,1,1,,
1643585,Limpopo,26,Youth,1,1,black,male
1649404,Limpopo,36,Adult,1,1,black,female
1650569,Gauteng,29,Youth,1,1,indian_asian,male
1652930,Kwazulu Natal,39,Adult,1,1,black,male
1655197,Uncategorized,0,Infants,1,1,,
1655809,Uncategorized,0,Infants,1,1,,
1661754,Limpopo,22,Youth,1,1,black,male
1662341,Uncategorized,0,Infants,1,1,,
1662674,Gauteng,27,Youth,1,1,black,male
1663649,Uncategorized,0,Infants,1,1,,
1664992,Free State,26,Youth,1,1,coloured,female
1668087,Uncategorized,0,Infants,1,1,,
1670265,Uncategorized,0,Infants,1,1,,
1674586,Western Cape,25,Youth,1,1,coloured,male
1676019,Uncategorized,0,Infants,1,1,,
1679020,Uncategorized,0,Infants,1,1,,
1681613,Uncategorized,0,Infants,1,1,,
1682946,Uncategorized,0,Infants,1,1,,
1684253,Uncategorized,0,Infants,1,1,,
1685222,Uncategorized,0,Infants,1,1,,
1686746,Limpopo,26,Youth,1,1,black,female
1690337,Uncategorized,0,Infants,1,1,,
1690521,Uncategorized,0,Infants,1,1,,
1700317,Limpopo,23,Youth,1,1,black,male
1701361,Uncategorized,0,Infants,1,1,,
1706422,Uncategorized,0,Infants,1,1,,
1707079,Uncategorized,0,Infants,1,1,,
1708786,Uncategorized,0,Infants,1,1,,
1711174,Uncategorized,0,Infants,1,1,,
1711786,Uncategorized,0,Infants,1,1,,
1713026,Uncategorized,0,Infants,1,1,,
1715579,Uncategorized,0,Infants,1,1,,
1717718,Uncategorized,0,Infants,1,1,,
1718526,Uncategorized,0,Infants,1,1,,
1720564,Gauteng,44,Adult,1,1,black,male
1720645,Uncategorized,0,Infants,1,1,,
1722226,Uncategorized,0,Infants,1,1,,
1726955,Uncategorized,0,Infants,1,1,,
1731138,Uncategorized,0,Infants,1,1,,
1732701,Gauteng,37,Adult,1,1,,male
1734339,Uncategorized,0,Infants,1,1,,
1737174,Uncategorized,0,Infants,1,1,,
1737558,Uncategorized,0,Infants,1,1,,
1738042,Uncategorized,0,Infants,1,1,,
1738515,Uncategorized,0,Infants,1,1,,
1740096,Uncategorized,0,Infants,1,1,,
1740385,Uncategorized,0,Infants,1,1,,
1740609,Uncategorized,0,Infants,1,1,,
1742749,Uncategorized,0,Infants,1,1,,
1743725,Uncategorized,0,Infants,1,1,,
1746370,Uncategorized,0,Infants,1,1,,
1746887,Uncategorized,0,Infants,1,1,,
1750991,Uncategorized,0,Infants,1,1,,
1751579,Uncategorized,0,Infants,1,1,,
1753574,Uncategorized,0,Infants,1,1,,
1753968,Kwazulu Natal,39,Adult,1,1,,female
1754172,Uncategorized,0,Infants,1,1,,
1754522,Uncategorized,0,Infants,1,1,,
1763607,Uncategorized,0,Infants,1,1,,
1767811,Uncategorized,0,Infants,1,1,,
1770122,Kwazulu Natal,27,Youth,1,1,black,male
1772754,Uncategorized,0,Infants,1,1,,
1773520,Uncategorized,0,Infants,1,1,,
1774230,Uncategorized,0,Infants,1,1,,
1774274,Uncategorized,0,Infants,1,1,,
1774436,Uncategorized,0,Infants,1,1,,
1775937,Uncategorized,0,Infants,1,1,,
1779418,Uncategorized,0,Infants,1,1,,
1779528,Uncategorized,0,Infants,1,1,,
1780406,Uncategorized,0,Infants,1,1,,
1780803,Uncategorized,0,Infants,1,1,,
1783630,Kwazulu Natal,45,Adult,1,1,indian_asian,male
1787872,Uncategorized,0,Infants,1,1,,
1789379,Uncategorized,0,Infants,1,1,,
1792155,Uncategorized,0,Infants,1,1,,
1793451,Uncategorized,0,Infants,1,1,,
1796285,Uncategorized,0,Infants,1,1,,
1797209,Uncategorized,0,Infants,1,1,,
1801442,Uncategorized,0,Infants,1,1,,
1803732,Uncategorized,0,Infants,1,1,,
1804252,Uncategorized,0,Infants,1,1,,
1805040,Uncategorized,0,Infants,1,1,,
1805542,Uncategorized,0,Infants,1,1,,
1806206,Gauteng,35,Youth,1,1,,female
1808067,Uncategorized,0,Infants,1,1,,
1811549,Uncategorized,0,Infants,1,1,,
1813755,Uncategorized,0,Infants,1,1,,
1818315,Gauteng,45,Adult,1,1,white,male
1820091,Uncategorized,0,Infants,1,1,,
1820740,Uncategorized,0,Infants,1,1,,
1821537,Uncategorized,0,Infants,1,1,,
1822001,Uncategorized,0,Infants,1,1,,
1822572,Gauteng,27,Youth,1,1,indian_asian,male
1823988,Uncategorized,0,Infants,1,1,,
1824146,Gauteng,22,Youth,1,1,black,female
1826258,Uncategorized,0,Infants,1,1,,
1829768,Uncategorized,0,Infants,1,1,,
1831261,Uncategorized,0,Infants,1,1,,
1966180,Gauteng,42,Adult,1,1,white,male
1998924,Mpumalanga,38,Adult,1,1,coloured,male
1999889,Western Cape,34,Youth,1,1,coloured,male
1999958,Mpumalanga,24,Youth,1,1,indian_asian,male
2000015,Western Cape,58,Elder,1,1,coloured,male
2000032,Gauteng,29,Youth,1,1,indian_asian,male
2000056,Gauteng,97,Pensioner,1,1,indian_asian,male
2000160,North West,43,Adult,1,1,black,male
2000222,Limpopo,35,Youth,1,1,black,male
2000262,Mpumalanga,27,Youth,1,1,black,male
2000272,Western Cape,37,Adult,1,1,coloured,male
2000285,Gauteng,30,Youth,1,1,white,male
2000313,North West,27,Youth,1,1,black,male
2000346,Western Cape,34,Youth,1,1,coloured,male
2000382,Limpopo,39,Adult,1,1,black,male
2000415,Gauteng,40,Adult,1,1,black,female
2000422,Western Cape,39,Adult,1,1,black,male
2011067,Gauteng,48,Adult,1,1,black,male
2015326,Kwazulu Natal,29,Youth,1,1,black,male
2015328,Kwazulu Natal,28,Youth,1,1,black,male
2017664,Free State,41,Adult,1,1,black,female
2018302,Western Cape,29,Youth,1,1,,male
2018358,Western Cape,30,Youth,1,1,coloured,male
2018374,Kwazulu Natal,47,Adult,1,1,black,male
2018993,Western Cape,45,Adult,1,1,,male
2021277,Gauteng,33,Youth,1,1,black,male
2021324,Gauteng,36,Adult,1,1,indian_asian,male
2021327,Gauteng,79,Pensioner,1,1,white,male
2021328,Free State,26,Youth,1,1,indian_asian,male
2021333,Gauteng,37,Adult,1,1,black,male
2021345,Western Cape,28,Youth,1,1,coloured,male
2021359,Eastern Cape,28,Youth,1,1,coloured,male
2021360,Gauteng,52,Elder,1,1,black,male
2090526,Mpumalanga,52,Elder,1,1,black,male
2090538,Gauteng,39,Adult,1,1,indian_asian,male
2090555,Gauteng,27,Youth,1,1,indian_asian,male
2090685,Western Cape,43,Adult,1,1,coloured,male
2090745,Western Cape,39,Adult,1,1,coloured,male
2090790,Gauteng,41,Adult,1,1,white,male
2090791,Kwazulu Natal,13,Teenager,1,1,indian_asian,female
2090806,Mpumalanga,33,Youth,1,1,black,male
2090836,Western Cape,30,Youth,1,1,coloured,male
2090895,Gauteng,46,Adult,1,1,black,male
2090968,Gauteng,37,Adult,1,1,black,male
2091037,Gauteng,41,Adult,1,1,indian_asian,male
2091055,Limpopo,36,Adult,1,1,black,male
2091155,Free State,45,Adult,1,1,black,male
2091234,Gauteng,42,Adult,1,1,black,male
2091260,Gauteng,35,Youth,1,1,black,male
2091280,Gauteng,22,Youth,1,1,black,male
2091343,Gauteng,34,Youth,1,1,black,male
2091371,Gauteng,44,Adult,1,1,black,male
2091541,Gauteng,33,Youth,1,1,black,male
2091585,Limpopo,16,Teenager,1,1,black,male
2091609,Gauteng,28,Youth,1,1,black,male
2091688,Gauteng,34,Youth,1,1,black,male
2091776,Western Cape,27,Youth,1,1,coloured,male
2091865,Gauteng,25,Youth,1,1,white,male
2091882,Gauteng,34,Youth,1,1,black,male
2091890,Western Cape,28,Youth,1,1,white,male
2091963,Kwazulu Natal,31,Youth,1,1,black,male
2092002,Western Cape,60,Elder,1,1,coloured,male
2092023,Free State,34,Youth,1,1,black,male
2092034,Gauteng,41,Adult,1,1,white,male
2092062,Limpopo,42,Adult,1,1,black,male
2092115,Mpumalanga,49,Adult,1,1,black,male
2092121,Western Cape,44,Adult,1,1,coloured,male
2092152,Gauteng,23,Youth,1,1,white,female
2092166,Western Cape,60,Elder,1,1,coloured,male
2092201,Western Cape,29,Youth,1,1,black,male
2092216,Western Cape,62,Elder,1,1,white,male
2092227,Northern Cape,13,Teenager,1,1,coloured,female
2092259,Mpumalanga,42,Adult,1,1,black,male
2092266,Gauteng,47,Adult,1,1,white,male
2092273,Limpopo,35,Youth,1,1,indian_asian,male
2092315,Kwazulu Natal,55,Elder,1,1,black,male
2092357,Western Cape,64,Elder,1,1,white,male
2165751,Mpumalanga,19,Teenager,1,1,black,male
2165841,Gauteng,21,Youth,1,1,white,male
2165860,Limpopo,10,Kids,1,1,coloured,male
2165865,Gauteng,30,Youth,1,1,indian_asian,male
2190330,Mpumalanga,23,Youth,1,1,black,male
2203312,Western Cape,54,Elder,1,1,coloured,male
2203323,Free State,43,Adult,1,1,black,male
2203482,Western Cape,37,Adult,1,1,coloured,male
2203487,Mpumalanga,50,Adult,1,1,black,male
2203490,Western Cape,31,Youth,1,1,coloured,male
2203491,Western Cape,38,Adult,1,1,coloured,male
2203512,Mpumalanga,33,Youth,1,1,indian_asian,male
2203543,Western Cape,35,Youth,1,1,coloured,female
2203546,Western Cape,33,Youth,1,1,black,male
2203596,Limpopo,38,Adult,1,1,black,male
2203599,Gauteng,31,Youth,1,1,black,male
2203607,Western Cape,54,Elder,1,1,coloured,male
2203620,Gauteng,40,Adult,1,1,black,male
2203633,Eastern Cape,70,Pensioner,1,1,white,male
2203664,Kwazulu Natal,27,Youth,1,1,indian_asian,male
2203670,Kwazulu Natal,34,Youth,1,1,black,male
2203672,Gauteng,33,Youth,1,1,white,female
2203679,Western Cape,31,Youth,1,1,white,male
2203737,Free State,29,Youth,1,1,black,male
2203762,Mpumalanga,31,Youth,1,1,black,male
2203811,Gauteng,36,Adult,1,1,,male
2203924,Gauteng,58,Elder,1,1,black,female
2203929,Gauteng,43,Adult,1,1,black,male
2203930,Western Cape,39,Adult,1,1,coloured,female
2203948,Kwazulu Natal,44,Adult,1,1,indian_asian,male
2203966,Western Cape,32,Youth,1,1,coloured,male
2204045,North West,30,Youth,1,1,white,male
2204117,Mpumalanga,35,Youth,1,1,black,female
2204145,Limpopo,27,Youth,1,1,indian_asian,male
2204160,Mpumalanga,34,Youth,1,1,,male
2204194,Mpumalanga,27,Youth,1,1,black,male
2204195,North West,45,Adult,1,1,indian_asian,male
2204240,Western Cape,34,Youth,1,1,coloured,male
2204253,Mpumalanga,36,Adult,1,1,indian_asian,male
2204331,Gauteng,52,Elder,1,1,black,male
2204356,Gauteng,51,Elder,1,1,black,male
2204358,Western Cape,52,Elder,1,1,coloured,male
2204370,Gauteng,33,Youth,1,1,black,male
2204385,Western Cape,31,Youth,1,1,coloured,male
2204405,Gauteng,31,Youth,1,1,indian_asian,male
2204412,Kwazulu Natal,57,Elder,1,1,black,male
2204436,Northern Cape,39,Adult,1,1,coloured,male
2204439,Western Cape,61,Elder,1,1,white,male
2204462,Kwazulu Natal,34,Youth,1,1,indian_asian,male
2204489,Free State,36,Adult,1,1,black,male
2204550,Eastern Cape,39,Adult,1,1,,male
2204563,Limpopo,41,Adult,1,1,indian_asian,male
2204564,Western Cape,35,Youth,1,1,coloured,male
2204601,Eastern Cape,45,Adult,1,1,black,male
2204621,Limpopo,35,Youth,1,1,indian_asian,male
2204640,Gauteng,56,Elder,1,1,,female
2204671,Western Cape,41,Adult,1,1,coloured,male
2204684,Gauteng,27,Youth,1,1,indian_asian,male
2204753,Mpumalanga,35,Youth,1,1,indian_asian,male
2204775,Northern Cape,67,Pensioner,1,1,black,female
2204778,Eastern Cape,50,Adult,1,1,white,female
2204792,Western Cape,42,Adult,1,1,coloured,male
2204800,Limpopo,28,Youth,1,1,indian_asian,male
2204805,Limpopo,33,Youth,1,1,indian_asian,male
2205173,Gauteng,24,Youth,1,1,,male
2205372,Western Cape,29,Youth,1,1,white,male
2205383,Gauteng,42,Adult,1,1,black,male
2205425,Western Cape,49,Adult,1,1,coloured,male
2205429,Gauteng,56,Elder,1,1,black,male
2205434,Gauteng,40,Adult,1,1,black,male
2205447,Western Cape,47,Adult,1,1,coloured,male
2205469,Eastern Cape,33,Youth,1,1,coloured,male
2205470,Eastern Cape,49,Adult,1,1,black,female
2205474,Eastern Cape,62,Elder,1,1,black,male
2205502,Eastern Cape,49,Adult,1,1,white,male
2205512,Western Cape,34,Youth,1,1,coloured,male
2205520,Gauteng,41,Adult,1,1,black,male
2205521,Eastern Cape,31,Youth,1,1,black,male
2205523,Eastern Cape,43,Adult,1,1,white,male
2205568,Western Cape,45,Adult,1,1,coloured,male
2216003,Free State,30,Youth,1,1,white,male
2216346,Western Cape,48,Adult,1,1,coloured,female
2216357,Western Cape,35,Youth,1,1,black,male
2216415,Free State,32,Youth,1,1,,male
2216423,Northern Cape,40,Adult,1,1,coloured,female
2216498,North West,59,Elder,1,1,white,male
2216512,Western Cape,50,Adult,1,1,,male
2216581,Eastern Cape,47,Adult,1,1,black,male
2239503,Western Cape,38,Adult,1,1,,male
2239638,Limpopo,40,Adult,1,1,indian_asian,male
2239795,Gauteng,28,Youth,1,1,black,male
2239815,Kwazulu Natal,30,Youth,1,1,black,male
2255459,Mpumalanga,22,Youth,1,1,black,male
2255463,Gauteng,43,Adult,1,1,black,male
2255518,Gauteng,56,Elder,1,1,black,male
2255559,Mpumalanga,27,Youth,1,1,indian_asian,male
2259822,Free State,21,Youth,1,1,black,male
2259942,Mpumalanga,26,Youth,1,1,black,male
2259956,Gauteng,39,Adult,1,1,black,male
2274999,Gauteng,33,Youth,1,1,white,male
2275001,Limpopo,43,Adult,1,1,black,male
2275017,Gauteng,34,Youth,1,1,white,male
2275027,Gauteng,58,Elder,1,1,black,male
2285528,Western Cape,26,Youth,1,1,,male
2285609,Kwazulu Natal,28,Youth,1,1,indian_asian,male
2285664,Mpumalanga,28,Youth,1,1,indian_asian,male
2285675,Gauteng,33,Youth,1,1,,male
2285716,Gauteng,27,Youth,1,1,white,male
2285769,Gauteng,37,Adult,1,1,black,male
2285790,Mpumalanga,46,Adult,1,1,,male
2285914,Limpopo,40,Adult,1,1,black,male
2285918,Northern Cape,29,Youth,1,1,black,male
2285956,Limpopo,40,Adult,1,1,black,male
2285984,Eastern Cape,42,Adult,1,1,coloured,male
2286975,Gauteng,43,Adult,1,1,indian_asian,male
2287006,Gauteng,33,Youth,1,1,black,male
2287109,Western Cape,27,Youth,1,1,black,male
2287122,Western Cape,29,Youth,1,1,coloured,male
2287279,Gauteng,27,Youth,1,1,white,male
2287393,Kwazulu Natal,40,Adult,1,1,black,male
2287441,Kwazulu Natal,24,Youth,1,1,black,male
2287452,Gauteng,45,Adult,1,1,black,male
2287495,Gauteng,15,Teenager,1,1,,female
2287668,Kwazulu Natal,33,Youth,1,1,black,male
2287689,Mpumalanga,33,Youth,1,1,black,male
2287708,Limpopo,29,Youth,1,1,indian_asian,male
2287875,Gauteng,46,Adult,1,1,black,male
2287916,Kwazulu Natal,31,Youth,1,1,black,male
2287969,Gauteng,37,Adult,1,1,white,male
2287983,Mpumalanga,24,Youth,1,1,black,male
2288416,Western Cape,37,Adult,1,1,coloured,male
2288434,Gauteng,37,Adult,1,1,black,male
2288446,Western Cape,32,Youth,1,1,,male
2288469,Limpopo,34,Youth,1,1,indian_asian,male
2288585,Gauteng,37,Adult,1,1,,female
2288634,Western Cape,25,Youth,1,1,coloured,male
2288636,Limpopo,22,Youth,1,1,black,male
2288692,Limpopo,31,Youth,1,1,indian_asian,male
2288719,Limpopo,61,Elder,1,1,black,male
2288798,Eastern Cape,41,Adult,1,1,black,female
2288802,Gauteng,35,Youth,1,1,black,male
2288807,Eastern Cape,60,Elder,1,1,black,male
2288809,Western Cape,27,Youth,1,1,black,male
2288835,Western Cape,42,Adult,1,1,coloured,male
2288883,Gauteng,31,Youth,1,1,white,male
2288897,Western Cape,42,Adult,1,1,black,male
2288904,Gauteng,35,Youth,1,1,black,male
2288944,Gauteng,41,Adult,1,1,black,male
2288961,Eastern Cape,13,Teenager,1,1,black,female
2288980,Gauteng,33,Youth,1,1,indian_asian,male
2289028,Western Cape,46,Adult,1,1,coloured,male
2289038,Gauteng,71,Pensioner,1,1,white,male
2289102,Western Cape,47,Adult,1,1,coloured,male
2289112,Limpopo,50,Adult,1,1,white,female
2289128,Free State,31,Youth,1,1,,male
2289153,Gauteng,41,Adult,1,1,indian_asian,male
2289159,Gauteng,32,Youth,1,1,black,female
2359724,Western Cape,36,Adult,1,1,coloured,male
2359733,Gauteng,43,Adult,1,1,black,male
2359771,Kwazulu Natal,35,Youth,1,1,indian_asian,male
2360014,Gauteng,61,Elder,1,1,,male
2360149,Eastern Cape,41,Adult,1,1,coloured,male
2360176,Mpumalanga,43,Adult,1,1,black,male
2360194,Western Cape,70,Pensioner,1,1,coloured,male
2360196,Gauteng,52,Elder,1,1,black,male
2360203,Eastern Cape,42,Adult,1,1,black,male
2360230,Gauteng,23,Youth,1,1,black,male
2360306,Kwazulu Natal,28,Youth,1,1,black,male
2360308,Western Cape,50,Adult,1,1,white,male
2360384,Mpumalanga,37,Adult,1,1,black,male
2360394,Gauteng,43,Adult,1,1,white,male
2360510,Gauteng,36,Adult,1,1,indian_asian,male
2360532,Western Cape,55,Elder,1,1,coloured,male
2360543,Limpopo,31,Youth,1,1,indian_asian,male
2360667,Western Cape,11,Kids,1,1,coloured,male
2360696,Gauteng,30,Youth,1,1,black,male
2360715,Western Cape,24,Youth,1,1,black,male
2360820,North West,47,Adult,1,1,black,male
2361049,Gauteng,48,Adult,1,1,black,male
2361100,Free State,26,Youth,1,1,white,male
2361485,Western Cape,30,Youth,1,1,coloured,male
2361547,Gauteng,27,Youth,1,1,indian_asian,female
2361585,Free State,31,Youth,1,1,white,male
2361615,Mpumalanga,44,Adult,1,1,,male
2361624,Eastern Cape,52,Elder,1,1,coloured,male
2361635,Gauteng,47,Adult,1,1,coloured,male
2361656,Western Cape,34,Youth,1,1,black,male
2361668,Limpopo,31,Youth,1,1,indian_asian,male
2361696,Western Cape,49,Adult,1,1,coloured,male
2361735,Gauteng,38,Adult,1,1,,male
2361780,Kwazulu Natal,33,Youth,1,1,black,male
2361784,Western Cape,26,Youth,1,1,coloured,male
2361803,Western Cape,44,Adult,1,1,,male
2361806,Limpopo,25,Youth,1,1,black,male
2361839,Free State,45,Adult,1,1,white,male
2361856,Western Cape,35,Youth,1,1,white,male
2361864,Northern Cape,36,Adult,1,1,white,male
2361890,Gauteng,43,Adult,1,1,white,male
2361894,Western Cape,33,Youth,1,1,,male
2361914,Western Cape,33,Youth,1,1,coloured,male
2361917,Gauteng,34,Youth,1,1,white,male
2361961,Western Cape,38,Adult,1,1,coloured,male
2361963,Gauteng,45,Adult,1,1,white,male
2361982,Gauteng,42,Adult,1,1,white,male
2362014,Gauteng,59,Elder,1,1,black,male
2362108,Mpumalanga,32,Youth,1,1,black,male
2362117,Gauteng,21,Youth,1,1,white,male
2362118,Gauteng,45,Adult,1,1,white,male
2362147,Gauteng,52,Elder,1,1,white,female
2362165,Limpopo,47,Adult,1,1,black,male
2362181,Mpumalanga,48,Adult,1,1,white,male
2362188,Northern Cape,40,Adult,1,1,coloured,male
2362189,Gauteng,35,Youth,1,1,white,male
2362204,Western Cape,45,Adult,1,1,,male
2362214,Gauteng,43,Adult,1,1,,male
2362268,Free State,41,Adult,1,1,white,male
2368357,Gauteng,37,Adult,1,1,black,male
2368365,Limpopo,27,Youth,1,1,coloured,male
2368371,Western Cape,44,Adult,1,1,coloured,male
2368559,Gauteng,40,Adult,1,1,black,male
2368568,Kwazulu Natal,49,Adult,1,1,indian_asian,male
2368583,Limpopo,27,Youth,1,1,indian_asian,male
2368619,North West,23,Youth,1,1,black,male
2368689,Gauteng,32,Youth,1,1,black,male
2368726,Gauteng,46,Adult,1,1,,male
2368744,Mpumalanga,27,Youth,1,1,black,male
2368806,Limpopo,27,Youth,1,1,indian_asian,male
2368852,Mpumalanga,35,Youth,1,1,black,male
2368907,Gauteng,40,Adult,1,1,white,female
2368931,Limpopo,38,Adult,1,1,indian_asian,male
2368945,Western Cape,42,Adult,1,1,coloured,female
2368953,Gauteng,40,Adult,1,1,indian_asian,male
2368983,Mpumalanga,24,Youth,1,1,black,male
2368984,Limpopo,28,Youth,1,1,indian_asian,male
2369134,Gauteng,39,Adult,1,1,indian_asian,male
2369183,North West,25,Youth,1,1,indian_asian,male
2369190,Eastern Cape,52,Elder,1,1,black,male
2369191,Western Cape,35,Youth,1,1,white,female
2369209,Mpumalanga,17,Teenager,1,1,black,male
2369217,Mpumalanga,52,Elder,1,1,black,male
2369221,North West,44,Adult,1,1,black,male
2369233,Mpumalanga,40,Adult,1,1,indian_asian,male
2369252,Gauteng,30,Youth,1,1,indian_asian,male
2369305,Limpopo,10,Kids,1,1,indian_asian,male
2369332,Eastern Cape,29,Youth,1,1,coloured,male
2369354,Gauteng,48,Adult,1,1,indian_asian,male
2369463,Gauteng,41,Adult,1,1,black,male
2369526,Gauteng,29,Youth,1,1,coloured,female
2369557,Free State,39,Adult,1,1,indian_asian,male
2369580,Gauteng,37,Adult,1,1,indian_asian,male
2369633,Kwazulu Natal,32,Youth,1,1,black,male
2369649,Western Cape,39,Adult,1,1,coloured,male
2369747,Western Cape,33,Youth,1,1,coloured,male
2369752,Gauteng,43,Adult,1,1,black,male
2369753,Gauteng,30,Youth,1,1,indian_asian,female
2369759,Limpopo,30,Youth,1,1,indian_asian,male
2369761,Gauteng,39,Adult,1,1,black,male
2369790,Mpumalanga,26,Youth,1,1,indian_asian,male
2369809,Kwazulu Natal,28,Youth,1,1,,male
2369817,Limpopo,32,Youth,1,1,indian_asian,male
2369849,Northern Cape,39,Adult,1,1,black,female
2369881,Western Cape,30,Youth,1,1,coloured,male
2369889,North West,27,Youth,1,1,black,male
2369920,Gauteng,22,Youth,1,1,indian_asian,male
2369921,Eastern Cape,67,Pensioner,1,1,black,male
2369934,Western Cape,30,Youth,1,1,coloured,female
2369962,Gauteng,44,Adult,1,1,indian_asian,male
2369968,Mpumalanga,26,Youth,1,1,black,male
2369979,North West,33,Youth,1,1,black,female
2369982,Mpumalanga,39,Adult,1,1,,male
2370034,Western Cape,30,Youth,1,1,coloured,male
2370069,Kwazulu Natal,34,Youth,1,1,black,female
2370118,Gauteng,35,Youth,1,1,indian_asian,male
2370155,Gauteng,30,Youth,1,1,black,male
2370220,Eastern Cape,27,Youth,1,1,white,male
2370319,Limpopo,27,Youth,1,1,,male
2370403,Gauteng,30,Youth,1,1,coloured,male
2370467,Gauteng,30,Youth,1,1,black,male
2370492,Mpumalanga,32,Youth,1,1,,male
2370560,Eastern Cape,31,Youth,1,1,coloured,male
2370617,Limpopo,35,Youth,1,1,indian_asian,male
2370632,Limpopo,52,Elder,1,1,indian_asian,male
2370645,North West,24,Youth,1,1,black,male
2370685,Free State,46,Adult,1,1,black,male
2370690,Limpopo,26,Youth,1,1,indian_asian,male
2370769,Gauteng,33,Youth,1,1,black,female
2370806,Western Cape,38,Adult,1,1,coloured,male
2370841,Gauteng,46,Adult,1,1,indian_asian,male
2370842,Limpopo,36,Adult,1,1,indian_asian,male
2370889,Gauteng,27,Youth,1,1,black,female
2370894,Western Cape,24,Youth,1,1,black,male
2370925,Western Cape,43,Adult,1,1,coloured,male
2370940,Mpumalanga,31,Youth,1,1,,male
2370981,Kwazulu Natal,41,Adult,1,1,black,male
2370990,Western Cape,32,Youth,1,1,coloured,male
2371000,Eastern Cape,53,Elder,1,1,white,female
2371031,Western Cape,55,Elder,1,1,coloured,male
2371044,Mpumalanga,37,Adult,1,1,white,male
2371059,Gauteng,16,Teenager,1,1,indian_asian,male
2371070,Gauteng,32,Youth,1,1,,male
2371074,Western Cape,41,Adult,1,1,black,male
2371138,Western Cape,26,Youth,1,1,coloured,male
2371146,Eastern Cape,51,Elder,1,1,black,male
2371148,Western Cape,25,Youth,1,1,coloured,male
2371165,Gauteng,42,Adult,1,1,black,male
2371179,Gauteng,51,Elder,1,1,white,male
2371206,Western Cape,35,Youth,1,1,coloured,male
2371211,Gauteng,43,Adult,1,1,,male
2371216,Gauteng,47,Adult,1,1,black,male
2371220,Mpumalanga,32,Youth,1,1,coloured,male
2371221,Western Cape,35,Youth,1,1,black,male
2371239,Kwazulu Natal,45,Adult,1,1,black,male
2371243,Gauteng,44,Adult,1,1,black,male
2371257,Limpopo,32,Youth,1,1,indian_asian,male
2371316,Western Cape,31,Youth,1,1,white,male
2371321,Western Cape,38,Adult,1,1,,male
2371341,Gauteng,46,Adult,1,1,indian_asian,male
2371354,Gauteng,35,Youth,1,1,black,female
2371355,Gauteng,36,Adult,1,1,black,male
2371356,Gauteng,29,Youth,1,1,black,female
2371357,Gauteng,34,Youth,1,1,black,female
2371360,Western Cape,28,Youth,1,1,black,male
2371367,Gauteng,56,Elder,1,1,,male
2393200,Free State,31,Youth,1,1,,male
2393231,Gauteng,25,Youth,1,1,black,male
2405263,Gauteng,30,Youth,1,1,black,male
2405338,Free State,21,Youth,1,1,white,male
2405343,Eastern Cape,47,Adult,1,1,coloured,male
2405348,Gauteng,43,Adult,1,1,black,male
2406478,Eastern Cape,39,Adult,1,1,,male
2406521,Kwazulu Natal,33,Youth,1,1,indian_asian,male
2406529,Northern Cape,26,Youth,1,1,black,male
2406558,Western Cape,50,Adult,1,1,coloured,male
2406577,Gauteng,29,Youth,1,1,black,male
2406686,North West,41,Adult,1,1,white,male
2407123,Mpumalanga,24,Youth,1,1,black,male
2414971,Gauteng,32,Youth,1,1,white,male
2415002,Gauteng,29,Youth,1,1,indian_asian,male
2415023,Free State,35,Youth,1,1,white,male
2415033,North West,69,Pensioner,1,1,white,male
2415044,Northern Cape,24,Youth,1,1,indian_asian,male
2415057,Gauteng,47,Adult,1,1,white,male
2415063,Limpopo,22,Youth,1,1,indian_asian,male
2415070,Western Cape,41,Adult,1,1,coloured,male
2415093,Western Cape,34,Youth,1,1,black,male
2415096,Western Cape,44,Adult,1,1,coloured,male
2415121,Eastern Cape,23,Youth,1,1,black,male
2415185,Kwazulu Natal,28,Youth,1,1,black,male
2415186,Western Cape,42,Adult,1,1,coloured,male
2415188,Gauteng,37,Adult,1,1,,male
2415212,Western Cape,31,Youth,1,1,coloured,male
2415235,Gauteng,37,Adult,1,1,white,female
2420497,Western Cape,22,Youth,1,1,coloured,male
2420731,Gauteng,43,Adult,1,1,black,male
2420956,Limpopo,36,Adult,1,1,indian_asian,male
2420980,Kwazulu Natal,43,Adult,1,1,black,male
2421104,Mpumalanga,27,Youth,1,1,black,male
2421222,Gauteng,46,Adult,1,1,coloured,male
2421326,Western Cape,44,Adult,1,1,,male
2421404,Kwazulu Natal,36,Adult,1,1,indian_asian,male
2421483,Western Cape,36,Adult,1,1,coloured,male
2421492,Gauteng,23,Youth,1,1,black,male
2421529,Limpopo,30,Youth,1,1,indian_asian,male
2421538,Mpumalanga,30,Youth,1,1,indian_asian,male
2421592,Gauteng,30,Youth,1,1,indian_asian,female
2421738,Gauteng,30,Youth,1,1,indian_asian,male
2421788,Gauteng,46,Adult,1,1,black,male
2421805,Gauteng,42,Adult,1,1,black,female
2421855,Limpopo,41,Adult,1,1,indian_asian,male
2422135,North West,26,Youth,1,1,indian_asian,female
2422144,Gauteng,34,Youth,1,1,indian_asian,male
2422252,Gauteng,41,Adult,1,1,indian_asian,male
2422360,Western Cape,36,Adult,1,1,coloured,male
2422435,Gauteng,28,Youth,1,1,coloured,male
2422534,Limpopo,32,Youth,1,1,indian_asian,male
2422598,Gauteng,31,Youth,1,1,black,male
2422617,Kwazulu Natal,36,Adult,1,1,black,male
2422691,Western Cape,24,Youth,1,1,indian_asian,male
2422749,Gauteng,57,Elder,1,1,white,male
2422776,Gauteng,20,Youth,1,1,white,male
2422825,Free State,37,Adult,1,1,indian_asian,male
2422954,Western Cape,36,Adult,1,1,coloured,male
2422976,Gauteng,10,Kids,1,1,black,female
2423049,Kwazulu Natal,37,Adult,1,1,indian_asian,male
2423050,Gauteng,39,Adult,1,1,indian_asian,male
2423095,Gauteng,33,Youth,1,1,white,male
2423099,Western Cape,36,Adult,1,1,black,female
2423136,Western Cape,43,Adult,1,1,coloured,male
2423144,Gauteng,38,Adult,1,1,indian_asian,male
2423149,Eastern Cape,45,Adult,1,1,black,male
2423154,Western Cape,35,Youth,1,1,coloured,male
2425604,Gauteng,51,Elder,1,1,white,female
2425739,Gauteng,54,Elder,1,1,coloured,male
2425806,Gauteng,41,Adult,1,1,black,male
2426146,Western Cape,35,Youth,1,1,coloured,female
2426196,Limpopo,34,Youth,1,1,indian_asian,male
2426231,Gauteng,32,Youth,1,1,indian_asian,male
2426271,Mpumalanga,51,Elder,1,1,white,male
2426439,Western Cape,35,Youth,1,1,coloured,male
2426477,Gauteng,57,Elder,1,1,black,male
2426592,Limpopo,32,Youth,1,1,indian_asian,male
2426670,Eastern Cape,50,Adult,1,1,black,male
2426685,Limpopo,27,Youth,1,1,indian_asian,male
2426726,Mpumalanga,25,Youth,1,1,indian_asian,female
2426740,Western Cape,37,Adult,1,1,coloured,male
2426776,Western Cape,10,Kids,1,1,,male
2426866,Mpumalanga,30,Youth,1,1,indian_asian,male
2426887,Gauteng,40,Adult,1,1,indian_asian,male
2426920,Kwazulu Natal,29,Youth,1,1,black,male
2426928,Gauteng,28,Youth,1,1,white,female
2426946,Mpumalanga,32,Youth,1,1,white,male
2427141,Eastern Cape,33,Youth,1,1,black,male
2427199,Limpopo,26,Youth,1,1,indian_asian,male
2427210,Western Cape,30,Youth,1,1,indian_asian,male
2427278,Eastern Cape,30,Youth,1,1,indian_asian,male
2427309,Eastern Cape,34,Youth,1,1,coloured,male
2427404,Eastern Cape,24,Youth,1,1,coloured,male
2427460,Limpopo,25,Youth,1,1,indian_asian,male
2428091,Western Cape,31,Youth,1,1,coloured,male
2428163,Western Cape,48,Adult,1,1,black,male
2428210,Kwazulu Natal,34,Youth,1,1,black,male
2428274,Kwazulu Natal,51,Elder,1,1,black,male
2428347,Western Cape,41,Adult,1,1,white,male
2428407,Gauteng,59,Elder,1,1,white,male
2428509,Western Cape,30,Youth,1,1,coloured,male
2429528,Gauteng,30,Youth,1,1,,male
828799,Mpumalanga,38,Adult,1,1,,male
933014,Limpopo,19,Teenager,1,1,black,male
889840,Mpumalanga,31,Youth,1,1,black,male
853642,Kwazulu Natal,24,Youth,1,1,coloured,male
1293309,Limpopo,30,Youth,1,1,indian_asian,male
853655,Gauteng,20,Youth,1,1,black,male
633678,Uncategorized,0,Infants,1,1,,
777084,North West,28,Youth,1,1,black,male
875048,Gauteng,25,Youth,1,1,indian_asian,male
721900,Uncategorized,0,Infants,1,1,,
919222,Limpopo,26,Youth,1,1,black,male
2023963,Kwazulu Natal,32,Youth,1,1,indian_asian,male
805455,Limpopo,28,Youth,1,1,black,female
922283,Limpopo,22,Youth,1,1,indian_asian,male
1095602,Gauteng,37,Adult,1,1,white,male
930111,Gauteng,29,Youth,1,1,black,male
432894,Mpumalanga,35,Youth,1,1,black,female
71489,Kwazulu Natal,25,Youth,1,1,black,male
242356,Gauteng,30,Youth,1,1,white,male
86703,Gauteng,24,Youth,1,1,indian_asian,male
997491,Western Cape,29,Youth,1,1,black,male
889100,Gauteng,39,Adult,1,1,black,male
933291,Gauteng,41,Adult,1,1,black,male
939838,Gauteng,32,Youth,1,1,black,female
333816,Limpopo,19,Teenager,1,1,black,male
2059372,Gauteng,33,Youth,1,1,black,male
887130,North West,29,Youth,1,1,black,male
921254,Western Cape,41,Adult,1,1,,male
898831,Gauteng,26,Youth,1,1,white,male
936702,Kwazulu Natal,33,Youth,1,1,black,male
872104,Western Cape,24,Youth,1,1,coloured,male
841680,Kwazulu Natal,60,Elder,1,1,black,male
174422,Kwazulu Natal,37,Adult,1,1,black,male
918442,Limpopo,46,Adult,1,1,indian_asian,male
1057483,Gauteng,29,Youth,1,1,white,male
257113,Kwazulu Natal,27,Youth,1,1,black,male
1391279,Gauteng,31,Youth,1,1,indian_asian,male
968315,Kwazulu Natal,21,Youth,1,1,indian_asian,male
848249,Western Cape,42,Adult,1,1,coloured,female
1398493,Mpumalanga,47,Adult,1,1,coloured,male
1873225,Kwazulu Natal,37,Adult,1,1,black,male
859803,Western Cape,41,Adult,1,1,black,male
880726,Gauteng,38,Adult,1,1,indian_asian,male
469134,Uncategorized,0,Infants,1,1,,
760863,Eastern Cape,38,Adult,1,1,coloured,male
174189,Gauteng,43,Adult,1,1,black,male
120688,Gauteng,23,Youth,1,1,coloured,female
958175,Gauteng,57,Elder,1,1,white,male
1447831,Gauteng,22,Youth,1,1,black,male
521933,Uncategorized,0,Infants,1,1,,
1289864,Kwazulu Natal,26,Youth,1,1,indian_asian,male
861773,Limpopo,31,Youth,1,1,black,female
796033,Limpopo,25,Youth,1,1,black,male
943214,Gauteng,25,Youth,1,1,indian_asian,male
869202,Mpumalanga,36,Adult,1,1,,female
416232,Uncategorized,0,Infants,1,1,,
899033,Limpopo,35,Youth,1,1,indian_asian,male
905163,Western Cape,43,Adult,1,1,coloured,male
822832,Gauteng,25,Youth,1,1,black,male
454228,Uncategorized,0,Infants,1,1,,
452804,Uncategorized,0,Infants,1,1,,
34346,Uncategorized,0,Infants,1,1,,
466620,Northern Cape,27,Youth,1,1,black,male
919772,Gauteng,41,Adult,1,1,indian_asian,male
537082,Kwazulu Natal,22,Youth,1,1,white,male
764995,Gauteng,45,Adult,1,1,black,male
988056,Western Cape,37,Adult,1,1,coloured,male
800825,Kwazulu Natal,30,Youth,1,1,black,male
764405,Gauteng,37,Adult,1,1,black,male
894339,Kwazulu Natal,35,Youth,1,1,indian_asian,male
838360,Western Cape,28,Youth,1,1,,male
904546,Kwazulu Natal,14,Teenager,1,1,white,male
608113,Gauteng,25,Youth,1,1,black,male
559573,Free State,25,Youth,1,1,white,male
924949,Gauteng,27,Youth,1,1,indian_asian,male
636026,Gauteng,39,Adult,1,1,white,female
636445,Gauteng,32,Youth,1,1,black,male
483,Western Cape,34,Youth,1,1,coloured,male
801275,North West,24,Youth,1,1,white,male
767592,Gauteng,37,Adult,1,1,black,male
1324574,Gauteng,39,Adult,1,1,black,male
806460,Kwazulu Natal,39,Adult,1,1,indian_asian,male
1376155,Limpopo,26,Youth,1,1,black,female
508611,Uncategorized,0,Infants,1,1,,
360908,Western Cape,44,Adult,1,1,coloured,male
779908,Gauteng,51,Elder,1,1,black,male
582896,Western Cape,19,Teenager,1,1,white,male
887640,Kwazulu Natal,43,Adult,1,1,,male
441086,Western Cape,24,Youth,1,1,black,male
673900,Northern Cape,31,Youth,1,1,white,male
812006,Uncategorized,0,Infants,1,1,,
777655,Mpumalanga,28,Youth,1,1,black,male
824262,Gauteng,47,Adult,1,1,black,male
510591,Western Cape,19,Teenager,1,1,black,male
1519602,Gauteng,34,Youth,1,1,black,male
614900,Western Cape,28,Youth,1,1,coloured,male
215723,Uncategorized,0,Infants,1,1,,
336966,Western Cape,31,Youth,1,1,black,female
799085,Gauteng,22,Youth,1,1,white,male
50671,Kwazulu Natal,51,Elder,1,1,indian_asian,male
877297,Gauteng,28,Youth,1,1,indian_asian,male
962150,Gauteng,31,Youth,1,1,indian_asian,male
1542251,Mpumalanga,36,Adult,1,1,black,male
1543966,Western Cape,49,Adult,1,1,coloured,male
28363,Gauteng,37,Adult,1,1,black,male
484936,Eastern Cape,37,Adult,1,1,black,male
666034,Limpopo,34,Youth,1,1,indian_asian,male
568751,Kwazulu Natal,23,Youth,1,1,black,female
1150536,Gauteng,31,Youth,1,1,indian_asian,male
920091,Gauteng,40,Adult,1,1,indian_asian,male
848852,Western Cape,17,Teenager,1,1,white,male
828445,Kwazulu Natal,33,Youth,1,1,black,male
340840,Western Cape,32,Youth,1,1,coloured,male
923479,Limpopo,35,Youth,1,1,indian_asian,female
723531,Northern Cape,35,Youth,1,1,black,female
888028,North West,32,Youth,1,1,black,female
750418,North West,37,Adult,1,1,white,male
815235,Gauteng,29,Youth,1,1,black,male
761618,Gauteng,26,Youth,1,1,black,male
92798,Gauteng,29,Youth,1,1,black,male
1476710,Gauteng,19,Teenager,1,1,black,female
32180,North West,54,Elder,1,1,black,male
677589,Northern Cape,30,Youth,1,1,black,male
796527,Gauteng,32,Youth,1,1,black,male
780047,Limpopo,34,Youth,1,1,indian_asian,male
2158646,Gauteng,33,Youth,1,1,black,male
860414,Gauteng,25,Youth,1,1,coloured,male
1566681,Mpumalanga,41,Adult,1,1,black,male
640446,Eastern Cape,55,Elder,1,1,coloured,male
828496,Western Cape,30,Youth,1,1,coloured,male
755243,Gauteng,35,Youth,1,1,black,female
763930,Western Cape,43,Adult,1,1,coloured,male
923646,Mpumalanga,21,Youth,1,1,black,male
821732,Western Cape,49,Adult,1,1,coloured,male
900013,Limpopo,33,Youth,1,1,indian_asian,male
906690,Kwazulu Natal,26,Youth,1,1,indian_asian,male
775591,Gauteng,27,Youth,1,1,black,male
667568,Gauteng,34,Youth,1,1,white,male
846154,Western Cape,32,Youth,1,1,coloured,male
543090,Kwazulu Natal,32,Youth,1,1,,male
839494,Gauteng,39,Adult,1,1,black,male
598432,Uncategorized,0,Infants,1,1,,
878832,Western Cape,34,Youth,1,1,white,female
928080,Limpopo,26,Youth,1,1,indian_asian,male
849265,Gauteng,22,Youth,1,1,,male
888374,Gauteng,34,Youth,1,1,black,male
796995,Kwazulu Natal,22,Youth,1,1,black,female
989729,Gauteng,29,Youth,1,1,indian_asian,male
1061893,Eastern Cape,23,Youth,1,1,indian_asian,male
1020107,Gauteng,28,Youth,1,1,black,female
889619,Free State,32,Youth,1,1,indian_asian,male
873453,Mpumalanga,48,Adult,1,1,black,male
755065,Gauteng,39,Adult,1,1,black,male
623435,Kwazulu Natal,46,Adult,1,1,white,male
389478,Western Cape,39,Adult,1,1,coloured,male
531505,Uncategorized,0,Infants,1,1,,
1691012,Gauteng,23,Youth,1,1,indian_asian,male
98717,Free State,24,Youth,1,1,black,male
830310,Western Cape,32,Youth,1,1,coloured,male
966404,Mpumalanga,29,Youth,1,1,black,male
773180,Gauteng,29,Youth,1,1,coloured,male
378360,Western Cape,47,Adult,1,1,coloured,male
920698,Mpumalanga,34,Youth,1,1,white,male
1151139,Gauteng,33,Youth,1,1,white,male
301198,Gauteng,41,Adult,1,1,black,male
814835,Gauteng,31,Youth,1,1,white,male
840760,Gauteng,29,Youth,1,1,black,male
1072207,Northern Cape,65,Elder,1,1,white,male
770384,Gauteng,23,Youth,1,1,black,male
785792,North West,34,Youth,1,1,black,female
955342,Gauteng,31,Youth,1,1,indian_asian,male
447632,Gauteng,36,Adult,1,1,white,male
1684152,Eastern Cape,53,Elder,1,1,,male
1686981,Gauteng,35,Youth,1,1,white,male
955565,Eastern Cape,27,Youth,1,1,coloured,male
815728,Kwazulu Natal,35,Youth,1,1,black,male
839814,Eastern Cape,32,Youth,1,1,black,male
385740,Northern Cape,39,Adult,1,1,black,male
462169,Gauteng,45,Adult,1,1,white,male
1726104,Free State,36,Adult,1,1,indian_asian,male
115025,Gauteng,47,Adult,1,1,,male
456426,Uncategorized,0,Infants,1,1,,
836784,Limpopo,37,Adult,1,1,,female
611044,Gauteng,34,Youth,1,1,indian_asian,male
891436,Western Cape,30,Youth,1,1,coloured,male
1120547,Western Cape,23,Youth,1,1,coloured,female
909975,Gauteng,51,Elder,1,1,white,male
787449,Mpumalanga,34,Youth,1,1,black,male
736338,Gauteng,44,Adult,1,1,black,male
813903,North West,61,Elder,1,1,,male
934989,Gauteng,30,Youth,1,1,black,male
736297,Eastern Cape,46,Adult,1,1,black,male
760598,Mpumalanga,45,Adult,1,1,black,female
366658,Uncategorized,0,Infants,1,1,,
620753,Eastern Cape,40,Adult,1,1,coloured,male
213644,Gauteng,45,Adult,1,1,white,male
488378,Limpopo,39,Adult,1,1,,male
951970,Eastern Cape,31,Youth,1,1,black,female
1794145,Kwazulu Natal,34,Youth,1,1,,male
802228,Free State,21,Youth,1,1,white,male
898365,Gauteng,36,Adult,1,1,black,male
607197,Gauteng,43,Adult,1,1,black,male
935120,Gauteng,42,Adult,1,1,black,male
533093,North West,47,Adult,1,1,white,male
382733,Northern Cape,31,Youth,1,1,black,male
819123,Eastern Cape,51,Elder,1,1,,male
153218,Kwazulu Natal,47,Adult,1,1,indian_asian,male
861532,Gauteng,48,Adult,1,1,,male
1008867,Gauteng,38,Adult,1,1,white,male
131579,Gauteng,54,Elder,1,1,black,male
901044,Gauteng,37,Adult,1,1,black,male
263937,Free State,43,Adult,1,1,black,female
107098,Gauteng,42,Adult,1,1,black,male
847050,Eastern Cape,33,Youth,1,1,white,male
918216,Eastern Cape,29,Youth,1,1,black,female
914943,North West,49,Adult,1,1,white,male
877370,Western Cape,29,Youth,1,1,,male
927853,North West,43,Adult,1,1,black,male
142804,Kwazulu Natal,40,Adult,1,1,,female
878744,Eastern Cape,23,Youth,1,1,white,male
896664,Gauteng,23,Youth,1,1,indian_asian,male
915669,Eastern Cape,33,Youth,1,1,black,male
843200,Gauteng,40,Adult,1,1,white,female
864804,Gauteng,34,Youth,1,1,white,male
891517,Kwazulu Natal,25,Youth,1,1,black,male
1888752,Kwazulu Natal,45,Adult,1,1,white,male
948343,Gauteng,34,Youth,1,1,black,female
928855,Kwazulu Natal,43,Adult,1,1,indian_asian,male
2324585,Limpopo,38,Adult,1,1,black,male
103076,Free State,31,Youth,1,1,black,male
886210,Gauteng,58,Elder,1,1,black,male
705439,Limpopo,19,Teenager,1,1,black,male
759157,Limpopo,26,Youth,1,1,black,male
920073,Gauteng,38,Adult,1,1,indian_asian,male
1575314,Limpopo,35,Youth,1,1,indian_asian,male
774118,Eastern Cape,29,Youth,1,1,black,male
1616710,Limpopo,43,Adult,1,1,indian_asian,male
597646,Kwazulu Natal,20,Youth,1,1,indian_asian,male
597444,Limpopo,25,Youth,1,1,black,male
729539,Western Cape,39,Adult,1,1,white,male
733873,North West,25,Youth,1,1,white,male
765577,Eastern Cape,29,Youth,1,1,black,male
1431969,Limpopo,23,Youth,1,1,black,male
818280,Kwazulu Natal,23,Youth,1,1,indian_asian,male
586066,Mpumalanga,29,Youth,1,1,white,male
604369,Kwazulu Natal,29,Youth,1,1,black,male
1297586,Kwazulu Natal,53,Elder,1,1,indian_asian,male
1457213,Gauteng,39,Adult,1,1,black,male
927827,Gauteng,28,Youth,1,1,indian_asian,male
1703706,Eastern Cape,39,Adult,1,1,,female
925838,Gauteng,36,Adult,1,1,indian_asian,male
917357,Gauteng,37,Adult,1,1,,male
1681611,Western Cape,28,Youth,1,1,,female
928271,North West,16,Teenager,1,1,indian_asian,male
1771036,Limpopo,37,Adult,1,1,black,male
1814657,Kwazulu Natal,34,Youth,1,1,,male
1488599,Gauteng,46,Adult,1,1,white,male
793230,Uncategorized,0,Infants,1,1,,
897976,Limpopo,34,Youth,1,1,indian_asian,male
795629,North West,32,Youth,1,1,black,male
928622,Gauteng,41,Adult,1,1,indian_asian,male
1024878,Gauteng,29,Youth,1,1,black,male
941625,Free State,38,Adult,1,1,,female
1645816,Limpopo,28,Youth,1,1,white,male
925862,Limpopo,40,Adult,1,1,indian_asian,male
2384970,Kwazulu Natal,39,Adult,1,1,coloured,male
